,Player,Tm,FantPos,Age,Games_G,Games_GS,Passing_Cmp,Passing_Att,Passing_Yds,Passing_TD,Passing_Int,Rushing_Att,Rushing_Yds,Rushing_Y/A,Rushing_TD,Receiving_Tgt,Receiving_Rec,Receiving_Yds,Receiving_Y/R,Receiving_TD,Fumbles_Fmb,Fumbles_FL,Scoring_TD,Scoring_2PM,Scoring_2PP,Fantasy_FantPt,Fantasy_PPR,Fantasy_DKPt,Fantasy_FDPt,Fantasy_VBD,Fantasy_PosRank,Fantasy_OvRank,FantPtPerGame
1,DERRICK HENRY,TEN,RB,26,16,16,0.0,0,0.0,0,0,378,2027.0,5.36,17.0,31,19,114.0,6.0,0,3,2,17,1,0,314.0,333.1,341.1,323.6,184.0,1,1,19.625
2,ALVIN KAMARA,NOR,RB,25,15,10,0.0,0,0.0,0,0,187,932.0,4.98,16.0,107,83,756.0,9.11,5,1,0,21,0,0,295.0,377.8,383.8,336.3,165.0,2,2,19.666666666666668
3,DALVIN COOK,MIN,RB,25,14,14,0.0,0,0.0,0,0,312,1557.0,4.99,16.0,54,44,361.0,8.2,1,5,3,17,3,0,294.0,337.8,346.8,315.8,164.0,3,3,21.0
4,TRAVIS KELCE,KAN,TE,31,15,15,1.0,2,4.0,0,0,0,0.0,0.0,0.0,145,105,1416.0,13.49,11,1,1,11,1,0,208.0,312.8,316.8,260.3,117.0,1,4,13.866666666666667
5,DAVANTE ADAMS,GNB,WR,28,14,14,0.0,0,0.0,0,0,0,0.0,0.0,0.0,149,115,1374.0,11.95,18,1,1,18,0,0,243.0,358.4,362.4,300.9,117.0,1,5,17.357142857142858
6,TYREEK HILL,KAN,WR,26,15,15,0.0,0,0.0,0,0,13,123.0,9.46,2.0,135,87,1276.0,14.67,15,1,0,17,0,0,242.0,328.9,334.9,285.4,116.0,2,6,16.133333333333333
7,JOSH ALLEN,BUF,QB,24,16,16,396.0,572,4544.0,37,10,102,421.0,4.13,8.0,1,1,12.0,12.0,1,9,6,9,0,0,395.0,396.1,418.1,405.6,113.0,1,7,24.6875
8,AARON RODGERS,GNB,QB,37,16,16,372.0,526,4299.0,48,5,38,149.0,3.92,3.0,1,1,-6.0,-6.0,0,4,2,3,0,0,382.0,383.3,396.3,387.8,100.0,2,8,23.875
9,KYLER MURRAY,ARI,QB,23,16,16,375.0,558,3971.0,26,12,133,819.0,6.16,11.0,0,0,0.0,0.0,0,9,4,11,0,0,379.0,378.7,400.7,390.7,96.0,3,9,23.6875
10,PATRICK MAHOMES,KAN,QB,25,15,15,390.0,588,4740.0,38,6,62,308.0,4.97,2.0,2,0,0.0,0.0,0,5,2,2,0,3,374.0,374.4,388.4,380.4,92.0,4,10,24.933333333333334
11,DESHAUN WATSON,HOU,QB,25,16,16,382.0,544,4823.0,33,7,90,444.0,4.93,3.0,0,0,0.0,0.0,0,8,3,3,0,1,369.0,369.3,385.3,376.3,87.0,5,11,23.0625
12,JONATHAN TAYLOR,IND,RB,21,15,13,0.0,0,0.0,0,0,232,1169.0,5.04,11.0,39,36,299.0,8.31,1,1,1,12,0,0,217.0,252.8,259.8,234.8,87.0,4,12,14.466666666666667
13,AARON JONES,GNB,RB,26,14,14,0.0,0,0.0,0,0,201,1104.0,5.49,9.0,63,47,355.0,7.55,2,2,0,11,0,0,212.0,258.9,264.9,235.4,82.0,5,13,15.142857142857142
14,DARREN WALLER,LVR,TE,28,16,15,0.0,0,0.0,0,0,0,0.0,0.0,0.0,145,107,1196.0,11.18,9,2,2,9,1,0,172.0,278.6,283.6,225.1,81.0,2,14,10.75
15,DAVID MONTGOMERY,CHI,RB,23,15,14,0.0,0,0.0,0,0,247,1070.0,4.33,8.0,68,54,438.0,8.11,2,1,1,10,1,0,211.0,264.8,271.8,237.8,81.0,6,15,14.066666666666666
16,RUSSELL WILSON,SEA,QB,32,16,16,384.0,558,4212.0,40,13,83,513.0,6.18,2.0,0,0,0.0,0.0,0,7,4,2,0,1,360.0,359.8,382.8,372.8,77.0,6,16,22.5
17,STEFON DIGGS,BUF,WR,27,16,15,0.0,0,0.0,0,0,1,1.0,1.0,0.0,166,127,1535.0,12.09,8,0,0,8,0,0,202.0,328.6,331.6,265.1,75.0,3,17,12.625
18,JAMES ROBINSON,JAX,RB,22,14,14,0.0,0,0.0,0,0,240,1070.0,4.46,7.0,60,49,344.0,7.02,3,3,1,10,1,0,201.0,250.4,257.4,225.9,71.0,7,18,14.357142857142858
19,JOSH JACOBS,LVR,RB,22,15,15,0.0,0,0.0,0,0,273,1065.0,3.9,12.0,45,33,238.0,7.21,0,2,2,12,0,0,198.0,231.3,239.3,214.8,68.0,8,19,13.2
20,CALVIN RIDLEY,ATL,WR,26,15,15,0.0,0,0.0,0,0,5,1.0,0.2,0.0,143,90,1374.0,15.27,9,1,1,9,1,0,192.0,281.5,285.5,236.5,65.0,4,20,12.8
21,D.K. METCALF,SEA,WR,23,16,16,0.0,0,0.0,0,0,0,0.0,0.0,0.0,129,83,1303.0,15.7,10,1,1,10,0,0,188.0,271.3,275.3,229.8,62.0,5,21,11.75
22,NICK CHUBB,CLE,RB,25,12,12,0.0,0,0.0,0,0,190,1067.0,5.62,12.0,18,16,150.0,9.38,0,1,1,12,0,0,192.0,207.7,214.7,199.7,62.0,9,22,16.0
23,RYAN TANNEHILL,TEN,QB,32,16,16,315.0,481,3819.0,33,7,43,266.0,6.19,7.0,1,1,0.0,0.0,0,6,1,7,2,1,343.0,344.4,358.4,350.9,61.0,7,23,21.4375
24,JUSTIN JEFFERSON,MIN,WR,21,16,14,0.0,0,0.0,0,0,1,2.0,2.0,0.0,125,88,1400.0,15.91,7,1,0,7,2,0,186.0,274.2,277.2,230.2,60.0,6,24,11.625
25,TOM BRADY,TAM,QB,43,16,16,401.0,610,4633.0,40,12,30,6.0,0.2,3.0,0,0,0.0,0.0,0,4,1,3,0,0,338.0,337.9,353.9,349.9,55.0,8,25,21.125
26,ADAM THIELEN,MIN,WR,30,15,15,0.0,0,0.0,0,0,3,15.0,5.0,0.0,108,74,925.0,12.5,14,0,0,14,1,0,180.0,254.0,257.0,217.0,54.0,7,26,12.0
27,MIKE EVANS,TAM,WR,27,16,16,0.0,0,0.0,0,0,0,0.0,0.0,0.0,109,70,1006.0,14.37,13,0,0,13,0,0,179.0,248.6,251.6,213.6,52.0,8,27,11.1875
28,A.J. BROWN,TEN,WR,23,14,12,0.0,0,0.0,0,0,0,0.0,0.0,0.0,106,70,1075.0,15.36,11,2,1,12,0,0,178.0,247.5,251.5,212.5,51.0,9,28,12.714285714285714
29,JUSTIN HERBERT,LAC,QB,22,15,15,396.0,595,4336.0,31,10,55,234.0,4.25,5.0,0,0,0.0,0.0,0,8,1,5,0,2,333.0,332.8,349.8,342.8,50.0,9,29,22.2
30,LAMAR JACKSON,BAL,QB,23,15,15,242.0,376,2757.0,26,9,159,1005.0,6.32,7.0,0,0,0.0,0.0,0,10,4,7,0,1,333.0,332.8,351.8,341.8,50.0,10,30,22.2
31,KAREEM HUNT,CLE,RB,25,16,5,0.0,0,0.0,0,0,198,841.0,4.25,6.0,51,38,304.0,8.0,5,2,0,11,0,0,181.0,218.5,224.5,199.5,50.0,10,31,11.3125
32,DEANDRE HOPKINS,ARI,WR,28,16,16,0.0,0,0.0,0,0,1,1.0,1.0,0.0,160,115,1407.0,12.23,6,3,2,6,0,0,173.0,287.8,292.8,230.3,46.0,10,32,10.8125
33,EZEKIEL ELLIOTT,DAL,RB,25,15,15,0.0,0,0.0,0,0,244,979.0,4.01,6.0,71,52,338.0,6.5,2,6,5,8,1,0,172.0,223.7,234.7,197.7,42.0,11,33,11.466666666666667
34,TYLER LOCKETT,SEA,WR,28,16,16,0.0,0,0.0,0,0,0,0.0,0.0,0.0,132,100,1054.0,10.54,10,1,0,10,0,0,165.0,265.4,268.4,215.4,39.0,11,34,10.3125
35,KENYAN DRAKE,ARI,RB,26,15,13,0.0,0,0.0,0,0,239,955.0,4.0,10.0,31,25,137.0,5.48,0,3,1,10,0,0,167.0,192.2,199.2,179.7,37.0,12,35,11.133333333333333
36,MELVIN GORDON,DEN,RB,27,15,10,0.0,0,0.0,0,0,215,986.0,4.59,9.0,44,32,158.0,4.94,1,4,4,10,0,0,166.0,198.4,208.4,182.4,36.0,13,36,11.066666666666666
37,ANTONIO GIBSON,WAS,RB,22,14,10,0.0,0,0.0,0,0,170,795.0,4.68,11.0,44,36,247.0,6.86,0,2,2,11,0,0,166.0,202.2,210.2,184.2,36.0,14,37,11.857142857142858
38,ALLEN ROBINSON,CHI,WR,27,16,16,0.0,0,0.0,0,0,1,-1.0,-1.0,0.0,151,102,1250.0,12.25,6,0,0,6,0,0,161.0,262.9,265.9,211.9,35.0,12,38,10.0625
39,ROBERT TONYAN,GNB,TE,26,16,8,0.0,0,0.0,0,0,0,0.0,0.0,0.0,59,52,586.0,11.27,11,0,0,11,0,0,125.0,176.6,179.6,150.6,34.0,3,39,7.8125
40,ROBERT WOODS,LAR,WR,28,16,16,0.0,0,0.0,0,0,24,155.0,6.46,2.0,129,90,936.0,10.4,6,2,1,8,0,0,155.0,245.1,252.1,200.1,29.0,13,40,9.6875
41,RONALD JONES II,TAM,RB,23,14,13,0.0,0,0.0,0,0,192,978.0,5.09,7.0,42,28,165.0,5.89,1,2,2,8,0,0,158.0,186.3,194.3,172.3,28.0,15,41,11.285714285714286
42,CHASE CLAYPOOL,PIT,WR,22,16,6,0.0,0,0.0,0,0,10,16.0,1.6,2.0,109,62,873.0,14.08,9,3,1,11,0,0,153.0,214.9,218.9,183.9,27.0,14,42,9.5625
43,MARVIN JONES,DET,WR,30,16,16,0.0,0,0.0,0,0,0,0.0,0.0,0.0,115,76,978.0,12.87,9,0,0,9,0,0,152.0,227.8,230.8,189.8,25.0,15,43,9.5
44,BRANDIN COOKS,HOU,WR,27,15,15,0.0,0,0.0,0,0,0,0.0,0.0,0.0,119,81,1150.0,14.2,6,0,0,6,0,0,151.0,232.0,235.0,191.5,25.0,16,44,10.066666666666666
45,KIRK COUSINS,MIN,QB,32,16,16,349.0,516,4265.0,35,13,32,156.0,4.88,1.0,0,0,0.0,0.0,0,9,5,1,0,5,306.0,306.2,330.2,319.2,24.0,11,45,19.125
46,TAYSOM HILL,NOR,WR,30,16,8,88.0,121,928.0,4,2,87,457.0,5.25,8.0,12,8,98.0,12.25,1,10,5,9,0,0,149.0,156.6,169.6,154.6,22.0,17,46,9.3125
47,MARK ANDREWS,BAL,TE,25,14,2,0.0,0,0.0,0,0,0,0.0,0.0,0.0,88,58,701.0,12.09,7,2,0,7,0,0,112.0,170.1,173.1,141.1,22.0,4,47,8.0
48,CHRIS CARSON,SEA,RB,26,12,12,0.0,0,0.0,0,0,141,681.0,4.83,5.0,46,37,287.0,7.76,4,1,0,9,0,0,151.0,187.8,193.8,169.3,21.0,16,48,12.583333333333334
49,J.K. DOBBINS,BAL,RB,22,15,1,0.0,0,0.0,0,0,134,805.0,6.01,9.0,24,18,120.0,6.67,0,2,0,9,2,0,151.0,168.5,174.5,159.5,20.0,17,49,10.066666666666666
50,D.J. MOORE,CAR,WR,23,15,14,0.0,1,0.0,0,0,2,22.0,11.0,0.0,118,66,1193.0,18.08,4,0,0,4,0,0,146.0,211.5,214.5,178.5,19.0,18,50,9.733333333333333
51,KEENAN ALLEN,LAC,WR,28,14,13,0.0,1,0.0,0,0,1,-1.0,-1.0,0.0,147,100,992.0,9.92,8,3,2,8,1,0,145.0,245.1,250.1,195.1,19.0,19,51,10.357142857142858
52,AMARI COOPER,DAL,WR,26,16,15,0.0,0,0.0,0,0,6,14.0,2.33,0.0,130,92,1114.0,12.11,5,0,0,5,1,0,145.0,236.8,239.8,190.8,18.0,20,52,9.0625
53,T.J. HOCKENSON,DET,TE,23,16,16,0.0,0,0.0,0,0,1,0.0,0.0,0.0,101,67,723.0,10.79,6,1,1,6,1,0,108.0,175.3,179.3,141.8,18.0,5,53,6.75
54,MIKE DAVIS,CAR,RB,27,15,12,0.0,0,0.0,0,0,165,642.0,3.89,6.0,70,59,373.0,6.32,2,1,1,8,0,0,148.0,206.5,213.5,177.0,17.0,18,54,9.866666666666667
55,CEEDEE LAMB,DAL,WR,21,16,14,0.0,0,0.0,0,0,10,82.0,8.2,1.0,111,74,935.0,12.64,5,2,1,7,1,0,144.0,217.7,221.7,180.7,17.0,21,55,9.0
56,DAVID JOHNSON,HOU,RB,29,12,12,0.0,0,0.0,0,0,147,691.0,4.7,6.0,46,33,314.0,9.52,2,2,1,8,0,0,147.0,179.5,186.5,163.0,16.0,19,56,12.25
57,MIKE GESICKI,MIA,TE,25,15,9,0.0,0,0.0,0,0,0,0.0,0.0,0.0,85,53,703.0,13.26,6,0,0,6,0,0,106.0,159.3,162.3,132.8,16.0,6,57,7.066666666666666
58,LOGAN THOMAS,WAS,TE,29,16,15,1.0,1,28.0,0,0,3,5.0,1.67,0.0,110,72,670.0,9.31,6,0,0,6,0,0,105.0,176.6,179.6,140.6,14.0,7,58,6.5625
59,ROB GRONKOWSKI,TAM,TE,31,16,16,0.0,0,0.0,0,0,0,0.0,0.0,0.0,77,45,623.0,13.84,7,1,0,7,0,0,104.0,149.3,152.3,126.8,14.0,8,59,6.5
60,D'ANDRE SWIFT,DET,RB,21,13,4,0.0,0,0.0,0,0,114,521.0,4.57,8.0,57,46,357.0,7.76,2,3,2,10,0,0,144.0,189.8,197.8,166.8,14.0,20,60,11.076923076923077
61,MILES SANDERS,PHI,RB,23,12,11,0.0,0,0.0,0,0,164,867.0,5.29,6.0,52,28,197.0,7.04,0,4,2,6,2,0,142.0,170.4,178.4,156.4,12.0,21,61,11.833333333333334
62,NELSON AGHOLOR,LVR,WR,27,16,13,0.0,0,0.0,0,0,0,0.0,0.0,0.0,82,48,896.0,18.67,8,0,0,8,0,0,138.0,185.6,188.6,161.6,11.0,22,62,8.625
63,JUJU SMITH-SCHUSTER,PIT,WR,24,16,14,0.0,0,0.0,0,0,0,0.0,0.0,0.0,128,97,831.0,8.57,9,3,1,9,1,0,137.0,234.1,238.1,185.6,11.0,23,63,8.5625
64,TERRY MCLAURIN,WAS,WR,25,15,15,0.0,0,0.0,0,0,2,30.0,15.0,0.0,134,87,1118.0,12.85,4,1,1,4,0,0,137.0,223.8,227.8,180.3,10.0,24,64,9.133333333333333
65,CLYDE EDWARDS-HELAIRE,KAN,RB,21,13,13,0.0,0,0.0,0,0,181,803.0,4.44,4.0,54,36,297.0,8.25,1,0,0,5,0,0,140.0,176.0,182.0,158.0,10.0,22,65,10.76923076923077
66,WILL FULLER,HOU,WR,26,11,11,0.0,0,0.0,0,0,1,0.0,0.0,0.0,75,53,879.0,16.58,8,0,0,8,0,0,136.0,188.9,191.9,162.4,10.0,25,66,12.363636363636363
67,JONNU SMITH,TEN,TE,25,15,14,0.0,0,0.0,0,0,2,4.0,2.0,1.0,65,41,448.0,10.93,8,0,0,9,0,0,99.0,140.2,143.2,119.7,9.0,9,67,6.6
68,CURTIS SAMUEL,CAR,WR,24,15,5,0.0,0,0.0,0,0,41,200.0,4.88,2.0,97,77,851.0,11.05,3,1,0,5,0,0,135.0,212.1,218.1,173.6,9.0,26,68,9.0
69,TODD GURLEY,ATL,RB,26,15,15,0.0,0,0.0,0,0,195,678.0,3.48,9.0,35,25,164.0,6.56,0,2,0,9,0,0,138.0,163.2,169.2,150.7,8.0,23,69,9.2
70,DIONTAE JOHNSON,PIT,WR,24,15,13,0.0,0,0.0,0,0,3,15.0,5.0,0.0,144,88,923.0,10.49,7,2,1,7,0,0,134.0,221.8,225.8,177.8,7.0,27,70,8.933333333333334
71,JIMMY GRAHAM,CHI,TE,34,16,15,0.0,0,0.0,0,0,0,0.0,0.0,0.0,76,50,456.0,9.12,8,1,0,8,0,0,94.0,143.6,146.6,118.6,3.0,10,71,5.875
72,ROBBY ANDERSON,CAR,WR,27,16,16,0.0,0,0.0,0,0,4,15.0,3.75,0.0,136,95,1096.0,11.54,3,1,1,3,1,0,129.0,224.1,228.1,176.6,3.0,28,72,8.0625
73,HAYDEN HURST,ATL,TE,27,16,9,0.0,0,0.0,0,0,0,0.0,0.0,0.0,88,56,571.0,10.2,6,0,0,6,0,0,93.0,149.1,152.1,121.1,3.0,11,73,5.8125
74,TEE HIGGINS,CIN,WR,21,16,14,0.0,0,0.0,0,0,5,28.0,5.6,0.0,108,67,908.0,13.55,6,1,1,6,0,0,128.0,194.6,198.6,161.1,1.0,29,74,8.0
75,DEREK WATT,PIT,NA,28,12,0,0.0,0,0.0,0,0,0,0.0,0.0,0.0,0,0,0.0,0.0,0,0,0,0,0,0,0.0,0.0,0.0,0.0,0.0,2,75,0.0
76,JOHNNY STANTON,CLE,NA,26,1,0,0.0,0,0.0,0,0,0,0.0,0.0,0.0,0,0,0.0,0.0,0,0,0,0,0,0,0.0,0.0,0.0,0.0,0.0,1,76,0.0
77,NYHEIM HINES,IND,RB,24,16,2,0.0,0,0.0,0,0,89,380.0,4.27,3.0,76,63,482.0,7.65,4,0,0,7,1,0,130.0,193.2,199.2,161.7,0.0,24,77,8.125
78,MATT RYAN,ATL,QB,35,16,16,407.0,626,4581.0,26,11,29,92.0,3.17,2.0,0,0,0.0,0.0,0,6,3,2,0,1,282.0,282.4,299.4,293.4,0.0,12,78,17.625
79,DEREK CARR,LVR,QB,29,16,16,348.0,517,4103.0,27,9,39,140.0,3.59,3.0,0,0,0.0,0.0,0,11,8,3,0,1,272.0,272.1,295.1,281.1,0.0,13,0,17.0
80,BEN ROETHLISBERGER,PIT,QB,38,15,15,399.0,608,3803.0,33,10,25,11.0,0.44,0.0,0,0,0.0,0.0,0,5,1,0,0,2,267.0,267.2,281.2,277.2,0.0,14,0,17.8
81,MATTHEW STAFFORD,DET,QB,32,16,16,339.0,528,4084.0,26,10,29,112.0,3.86,0.0,1,0,0.0,0.0,0,2,1,0,0,2,261.0,260.6,277.6,270.6,0.0,15,0,16.3125
82,CAM NEWTON,NWE,QB,31,15,15,242.0,368,2657.0,8,10,137,592.0,4.32,12.0,2,2,35.0,17.5,1,6,1,13,0,1,259.0,261.0,278.0,270.0,0.0,16,0,17.266666666666666
83,BAKER MAYFIELD,CLE,QB,25,16,16,305.0,486,3563.0,26,8,54,165.0,3.06,1.0,1,1,6.0,6.0,0,8,4,1,0,1,248.0,248.6,266.6,256.1,0.0,17,0,15.5
84,TEDDY BRIDGEWATER,CAR,QB,28,15,15,340.0,492,3733.0,15,11,53,279.0,5.26,5.0,0,0,0.0,0.0,0,6,3,5,0,1,241.0,241.2,261.2,252.2,0.0,18,0,16.066666666666666
85,JARED GOFF,LAR,QB,26,15,15,370.0,552,3952.0,20,13,51,99.0,1.94,4.0,0,0,0.0,0.0,0,7,4,4,0,1,240.0,240.0,260.0,253.0,0.0,19,0,16.0
86,PHILIP RIVERS,IND,QB,39,16,16,369.0,543,4169.0,24,11,18,-8.0,-0.44,0.0,0,0,0.0,0.0,0,2,1,0,0,1,240.0,240.0,255.0,251.0,0.0,20,0,15.0
87,DREW BREES,NOR,QB,41,12,12,275.0,390,2942.0,24,6,18,-2.0,-0.11,2.0,0,0,0.0,0.0,0,6,2,2,0,0,209.0,209.5,220.5,215.5,0.0,21,0,17.416666666666668
88,CARSON WENTZ,PHI,QB,28,12,12,251.0,437,2620.0,16,15,52,276.0,5.31,5.0,0,0,0.0,0.0,0,10,4,5,0,5,198.0,198.4,223.4,213.4,0.0,22,0,16.5
89,DREW LOCK,DEN,QB,24,13,13,254.0,443,2933.0,16,15,44,160.0,3.64,3.0,0,0,0.0,0.0,0,8,3,3,0,1,181.0,181.3,205.3,196.3,0.0,23,0,13.923076923076923
90,DANIEL JONES,NYG,QB,23,14,14,280.0,448,2943.0,11,10,65,423.0,6.51,1.0,0,0,0.0,0.0,0,11,6,1,0,1,180.0,180.0,202.0,190.0,0.0,24,0,12.857142857142858
91,JOE BURROW,CIN,QB,24,10,10,264.0,404,2688.0,13,5,37,142.0,3.84,3.0,0,0,0.0,0.0,0,9,4,3,0,0,174.0,173.7,188.7,178.7,0.0,25,0,17.4
92,GARDNER MINSHEW II,JAX,QB,24,9,8,216.0,327,2259.0,16,5,29,153.0,5.28,1.0,1,1,0.0,0.0,0,5,4,1,0,1,160.0,160.7,175.7,165.2,0.0,26,0,17.77777777777778
93,MITCHELL TRUBISKY,CHI,QB,26,10,9,199.0,297,2055.0,16,8,33,195.0,5.91,1.0,0,0,0.0,0.0,0,6,2,1,0,1,154.0,153.7,169.7,161.7,0.0,27,0,15.4
94,RYAN FITZPATRICK,MIA,QB,38,9,7,183.0,267,2091.0,13,8,30,151.0,5.03,2.0,1,1,0.0,0.0,0,2,0,2,1,2,153.0,153.7,167.7,161.2,0.0,28,0,17.0
95,ANDY DALTON,DAL,QB,33,11,9,216.0,333,2170.0,14,8,28,114.0,4.07,0.0,1,1,-3.0,-3.0,0,2,1,0,0,0,136.0,136.9,151.9,144.4,0.0,29,0,12.363636363636363
96,DAK PRESCOTT,DAL,QB,27,5,5,151.0,222,1856.0,9,4,18,93.0,5.17,3.0,1,1,11.0,11.0,1,3,3,4,1,1,135.0,135.6,145.6,139.1,0.0,31,0,27.0
97,TUA TAGOVAILOA,MIA,QB,22,10,9,186.0,290,1814.0,11,5,36,109.0,3.03,3.0,0,0,0.0,0.0,0,1,1,3,0,1,135.0,135.5,147.5,140.5,0.0,30,0,13.5
98,SAM DARNOLD,NYJ,QB,23,12,12,217.0,364,2208.0,9,11,37,217.0,5.86,2.0,0,0,0.0,0.0,0,4,2,2,0,1,134.0,134.0,153.0,145.0,0.0,32,0,11.166666666666666
99,JAMES CONNER,PIT,RB,25,13,11,0.0,0,0.0,0,0,169,721.0,4.27,6.0,43,35,215.0,6.14,0,2,0,6,0,0,130.0,164.6,170.6,147.1,0.0,25,0,10.0
100,JEFF WILSON,SFO,RB,25,12,3,0.0,0,0.0,0,0,126,600.0,4.76,7.0,28,13,133.0,10.23,3,2,2,10,0,0,129.0,142.3,150.3,135.8,0.0,26,0,10.75
101,COLE BEASLEY,BUF,WR,31,15,10,1.0,1,20.0,1,0,0,0.0,0.0,0.0,107,82,967.0,11.79,4,0,0,4,0,0,126.0,207.5,210.5,166.5,0.0,32,0,8.4
102,COREY DAVIS,TEN,WR,25,14,12,0.0,0,0.0,0,0,0,0.0,0.0,0.0,92,65,984.0,15.14,5,1,1,5,0,0,126.0,191.4,195.4,158.9,0.0,30,0,9.0
103,CHRIS GODWIN,TAM,WR,24,12,12,0.0,0,0.0,0,0,0,0.0,0.0,0.0,84,65,840.0,12.92,7,1,0,7,0,0,126.0,191.0,194.0,158.5,0.0,31,0,10.5
104,BRANDON AIYUK,SFO,WR,22,12,11,0.0,0,0.0,0,0,6,77.0,12.83,2.0,96,60,748.0,12.47,5,0,0,7,0,0,125.0,184.5,187.5,154.5,0.0,34,0,10.416666666666666
105,MARQUISE BROWN,BAL,WR,23,16,14,0.0,0,0.0,0,0,1,1.0,1.0,0.0,100,58,769.0,13.26,8,0,0,8,0,0,125.0,183.0,186.0,154.0,0.0,33,0,7.8125
106,MYLES GASKIN,MIA,RB,23,10,7,0.0,0,0.0,0,0,142,584.0,4.11,3.0,47,41,388.0,9.46,2,2,2,5,0,0,123.0,164.2,172.2,143.7,0.0,27,0,12.3
107,GUS EDWARDS,BAL,RB,25,16,6,0.0,0,0.0,0,0,144,723.0,5.02,6.0,13,9,129.0,14.33,0,1,1,6,0,0,119.0,128.2,135.2,123.7,0.0,28,0,7.4375
108,COOPER KUPP,LAR,WR,27,15,12,0.0,0,0.0,0,0,4,33.0,8.25,0.0,124,92,974.0,10.59,3,1,1,3,0,0,117.0,208.7,212.7,162.7,0.0,35,0,7.8
109,WAYNE GALLMAN,NYG,RB,26,15,10,0.0,0,0.0,0,0,147,682.0,4.64,6.0,27,21,114.0,5.43,0,1,0,6,0,0,116.0,136.6,142.6,126.1,0.0,29,0,7.733333333333333
110,JARVIS LANDRY,CLE,WR,28,15,14,4.0,4,74.0,1,0,4,10.0,2.5,1.0,101,72,840.0,11.67,3,2,0,4,0,0,116.0,188.0,191.0,152.0,0.0,36,0,7.733333333333333
111,NICK MULLENS,SFO,QB,25,10,8,211.0,326,2437.0,12,12,9,8.0,0.89,0.0,0,0,0.0,0.0,0,6,4,0,0,1,116.0,116.3,135.3,128.3,0.0,33,0,11.6
112,CHASE EDMONDS,ARI,RB,24,16,2,0.0,0,0.0,0,0,97,448.0,4.62,1.0,67,53,402.0,7.58,4,2,0,5,0,0,115.0,168.0,174.0,141.5,0.0,30,0,7.1875
113,TYLER BOYD,CIN,WR,26,15,8,1.0,2,16.0,0,0,5,49.0,9.8,0.0,110,79,841.0,10.65,4,1,0,4,0,0,114.0,192.6,195.6,153.1,0.0,38,0,7.6
114,MICHAEL GALLUP,DAL,WR,24,16,15,0.0,0,0.0,0,0,0,0.0,0.0,0.0,105,59,843.0,14.29,5,0,0,5,0,0,114.0,173.3,176.3,143.8,0.0,37,0,7.125
115,DARRELL HENDERSON,LAR,RB,23,15,11,0.0,0,0.0,0,0,138,624.0,4.52,5.0,24,16,159.0,9.94,1,0,0,6,0,0,114.0,130.3,136.3,122.3,0.0,31,0,7.6
116,JAMISON CROWDER,NYJ,WR,27,12,7,1.0,1,43.0,1,0,1,14.0,14.0,0.0,89,59,699.0,11.85,6,0,0,6,0,0,113.0,172.0,175.0,142.5,0.0,39,0,9.416666666666666
117,LATAVIUS MURRAY,NOR,RB,30,15,7,0.0,0,0.0,0,0,146,656.0,4.49,4.0,26,23,176.0,7.65,1,1,0,5,0,0,113.0,136.2,142.2,124.7,0.0,32,0,7.533333333333333
118,ADRIAN PETERSON,DET,RB,35,16,10,0.0,0,0.0,0,0,156,604.0,3.87,7.0,18,12,101.0,8.42,0,0,0,7,0,0,113.0,124.5,130.5,118.5,0.0,33,0,7.0625
119,GIOVANI BERNARD,CIN,RB,29,16,10,0.0,0,0.0,0,0,124,416.0,3.35,3.0,59,47,355.0,7.55,3,1,1,6,0,0,111.0,158.1,165.1,134.6,0.0,36,0,6.9375
120,AUSTIN EKELER,LAC,RB,25,10,10,0.0,0,0.0,0,0,116,530.0,4.57,1.0,65,54,403.0,7.46,2,1,0,3,0,0,111.0,165.3,171.3,138.3,0.0,35,0,11.1
121,J.D. MCKISSIC,WAS,RB,27,16,7,0.0,0,0.0,0,0,85,365.0,4.29,1.0,110,80,589.0,7.36,2,3,1,3,0,0,111.0,191.4,198.4,151.4,0.0,34,0,6.9375
122,TIM PATRICK,DEN,WR,27,15,15,0.0,0,0.0,0,0,0,0.0,0.0,0.0,79,51,742.0,14.55,6,0,0,6,0,0,110.0,161.2,164.2,135.7,0.0,40,0,7.333333333333333
123,RUSSELL GAGE,ATL,WR,24,16,8,1.0,2,39.0,1,0,2,9.0,4.5,0.0,109,72,786.0,10.92,4,0,0,4,0,0,109.0,181.1,184.1,145.1,0.0,41,0,6.8125
124,T.Y. HILTON,IND,WR,31,15,15,0.0,0,0.0,0,0,0,0.0,0.0,0.0,93,56,762.0,13.61,5,0,0,5,1,0,108.0,164.2,167.2,136.2,0.0,42,0,7.2
125,JALEN HURTS,PHI,QB,22,15,4,77.0,148,1061.0,6,4,63,354.0,5.62,3.0,1,1,3.0,3.0,0,9,2,3,0,0,108.0,109.1,121.1,112.6,0.0,34,0,7.2
126,JERRY JEUDY,DEN,WR,21,16,14,0.0,0,0.0,0,0,0,0.0,0.0,0.0,113,52,856.0,16.46,3,2,0,3,1,0,106.0,157.6,160.6,131.6,0.0,44,0,6.625
127,DEVIN SINGLETARY,BUF,RB,23,16,16,0.0,0,0.0,0,0,156,687.0,4.4,2.0,50,38,269.0,7.08,0,1,1,2,0,0,106.0,143.6,150.6,124.6,0.0,37,0,6.625
128,MIKE WILLIAMS,LAC,WR,26,15,11,0.0,0,0.0,0,0,1,1.0,1.0,0.0,85,48,756.0,15.75,5,0,0,5,0,0,106.0,153.7,156.7,129.7,0.0,43,0,7.066666666666666
129,NICK FOLES,CHI,QB,31,9,7,202.0,312,1852.0,10,8,16,1.0,0.06,1.0,0,0,0.0,0.0,0,2,0,1,0,0,104.0,104.2,115.2,112.2,0.0,35,0,11.555555555555555
130,EMMANUEL SANDERS,NOR,WR,33,14,5,0.0,0,0.0,0,0,1,12.0,12.0,0.0,82,61,726.0,11.9,5,1,0,5,0,0,104.0,164.8,167.8,134.3,0.0,46,0,7.428571428571429
131,MARQUEZ VALDES-SCANTLING,GNB,WR,26,16,12,0.0,0,0.0,0,0,4,13.0,3.25,0.0,63,33,690.0,20.91,6,1,1,6,0,0,104.0,137.3,141.3,120.8,0.0,45,0,6.5
132,DEVANTE PARKER,MIA,WR,27,14,11,0.0,0,0.0,0,0,0,0.0,0.0,0.0,103,63,793.0,12.59,4,1,0,4,0,0,103.0,166.3,169.3,134.8,0.0,47,0,7.357142857142857
133,GABRIEL DAVIS,BUF,WR,21,16,11,0.0,0,0.0,0,0,1,0.0,0.0,0.0,62,35,599.0,17.11,7,1,0,7,0,0,102.0,136.9,139.9,119.4,0.0,48,0,6.375
134,DJ CHARK,JAX,WR,24,13,12,0.0,0,0.0,0,0,0,0.0,0.0,0.0,93,53,706.0,13.32,5,0,0,5,0,0,101.0,153.6,156.6,127.1,0.0,49,0,7.769230769230769
135,KEELAN COLE,JAX,WR,27,16,5,0.0,0,0.0,0,0,1,2.0,2.0,0.0,88,55,642.0,11.67,5,0,0,6,0,0,100.0,155.4,158.4,127.9,0.0,50,0,6.25
136,LAVISKA SHENAULT JR.,JAX,WR,22,14,12,0.0,0,0.0,0,0,18,91.0,5.06,0.0,79,58,600.0,10.34,5,0,0,5,0,0,99.0,157.1,160.1,128.1,0.0,51,0,7.071428571428571
137,CHRISTIAN KIRK,ARI,WR,24,14,10,0.0,0,0.0,0,0,2,3.0,1.5,0.0,79,48,621.0,12.94,6,1,0,6,0,0,98.0,146.4,149.4,122.4,0.0,52,0,7.0
138,STERLING SHEPARD,NYG,WR,27,12,12,0.0,0,0.0,0,0,6,49.0,8.17,1.0,90,66,656.0,9.94,3,0,0,4,1,0,97.0,162.5,165.5,129.5,0.0,53,0,8.083333333333334
139,LEONARD FOURNETTE,TAM,RB,25,13,3,0.0,0,0.0,0,0,97,367.0,3.78,6.0,47,36,233.0,6.47,0,0,0,6,0,0,96.0,132.0,138.0,114.0,0.0,39,0,7.384615384615385
140,JAMAAL WILLIAMS,GNB,RB,25,14,3,0.0,0,0.0,0,0,119,505.0,4.24,2.0,35,31,236.0,7.61,1,0,0,3,2,0,96.0,127.1,133.1,111.6,0.0,38,0,6.857142857142857
141,JULIO JONES,ATL,WR,31,9,9,0.0,0,0.0,0,0,0,0.0,0.0,0.0,68,51,771.0,15.12,3,0,0,3,0,0,95.0,146.1,149.1,120.6,0.0,54,0,10.555555555555555
142,JERICK MCKINNON,SFO,RB,28,16,4,0.0,0,0.0,0,0,81,319.0,3.94,5.0,46,33,253.0,7.67,1,0,0,6,0,0,93.0,126.2,132.2,109.7,0.0,40,0,5.8125
143,ZACH PASCAL,IND,WR,26,16,14,0.0,1,0.0,0,0,0,0.0,0.0,0.0,71,44,629.0,14.3,5,0,0,5,0,0,93.0,136.9,139.9,114.9,0.0,55,0,5.8125
144,TONY POLLARD,DAL,RB,23,16,2,0.0,0,0.0,0,0,101,435.0,4.31,4.0,40,28,193.0,6.89,1,0,0,5,0,0,93.0,120.8,126.8,106.8,0.0,41,0,5.8125
145,CAM AKERS,LAR,RB,21,13,5,0.0,0,0.0,0,0,145,625.0,4.31,2.0,14,11,123.0,11.18,1,1,1,3,0,0,91.0,101.8,108.8,96.3,0.0,42,0,7.0
146,DARNELL MOONEY,CHI,WR,23,16,9,0.0,0,0.0,0,0,4,20.0,5.0,0.0,98,61,631.0,10.34,4,1,0,4,1,0,91.0,152.1,155.1,121.6,0.0,56,0,5.6875
147,DARIUS SLAYTON,NYG,WR,23,16,15,0.0,0,0.0,0,0,2,-1.0,-0.5,0.0,96,50,751.0,15.02,3,1,1,3,0,0,91.0,141.0,145.0,116.0,0.0,57,0,5.6875
148,JARED COOK,NOR,TE,33,15,5,0.0,0,0.0,0,0,0,0.0,0.0,0.0,60,37,504.0,13.62,7,1,1,7,0,0,90.0,127.4,131.4,108.9,0.0,12,0,6.0
149,ZACK MOSS,BUF,RB,23,13,0,0.0,0,0.0,0,0,112,481.0,4.29,4.0,18,14,95.0,6.79,1,0,0,5,0,0,88.0,101.6,104.6,94.6,0.0,43,0,6.769230769230769
150,NOAH FANT,DEN,TE,23,15,14,0.0,0,0.0,0,0,0,0.0,0.0,0.0,93,62,673.0,10.85,3,0,0,3,1,0,87.0,149.3,152.3,118.3,0.0,13,0,5.8
151,MECOLE HARDMAN,KAN,WR,22,16,8,0.0,0,0.0,0,0,4,31.0,7.75,0.0,62,41,560.0,13.66,4,2,2,5,1,0,87.0,128.1,133.1,107.6,0.0,58,0,5.4375
152,MALCOLM BROWN,LAR,RB,27,16,0,0.0,0,0.0,0,0,101,419.0,4.15,5.0,33,23,162.0,7.04,0,1,1,5,0,0,86.0,109.1,116.1,97.6,0.0,45,0,5.375
153,ERIC EBRON,PIT,TE,27,15,9,0.0,0,0.0,0,0,0,0.0,0.0,0.0,91,56,558.0,9.96,5,1,1,5,1,0,86.0,141.8,145.8,113.8,0.0,14,0,5.733333333333333
154,DAMIEN HARRIS,NWE,RB,23,10,10,0.0,0,0.0,0,0,137,691.0,5.04,2.0,7,5,52.0,10.4,0,1,0,2,0,0,86.0,91.3,94.3,88.8,0.0,44,0,8.6
155,HUNTER HENRY,LAC,TE,26,14,14,0.0,0,0.0,0,0,0,0.0,0.0,0.0,93,60,613.0,10.22,4,0,0,4,0,0,85.0,145.3,148.3,115.3,0.0,15,0,6.071428571428571
156,FRANK GORE,NYJ,RB,37,15,14,0.0,0,0.0,0,0,187,653.0,3.49,2.0,19,16,89.0,5.56,0,1,1,2,0,0,84.0,100.2,104.2,92.2,0.0,46,0,5.6
157,TYLER HIGBEE,LAR,TE,27,15,15,0.0,0,0.0,0,0,1,1.0,1.0,0.0,60,44,521.0,11.84,5,0,0,5,1,0,84.0,128.2,131.2,106.2,0.0,16,0,5.6
158,RASHARD HIGGINS,CLE,WR,26,13,6,0.0,0,0.0,0,0,0,0.0,0.0,0.0,52,37,599.0,16.19,4,3,0,4,0,0,84.0,120.9,123.9,102.4,0.0,59,0,6.461538461538462
159,JAKOBI MEYERS,NWE,WR,24,14,9,2.0,2,43.0,2,0,2,9.0,4.5,0.0,81,59,729.0,12.36,0,1,1,0,1,0,84.0,142.5,146.5,113.0,0.0,61,0,6.0
160,DAVID MOORE,SEA,WR,25,16,6,0.0,0,0.0,0,0,8,61.0,7.63,0.0,47,35,417.0,11.91,6,1,0,6,0,0,84.0,118.8,121.8,101.3,0.0,60,0,5.25
161,RAHEEM MOSTERT,SFO,RB,28,8,8,0.0,0,0.0,0,0,104,521.0,5.01,2.0,19,16,156.0,9.75,1,1,1,3,0,0,84.0,99.7,106.7,91.7,0.0,47,0,10.5
162,DALTON SCHULTZ,DAL,TE,24,16,14,0.0,0,0.0,0,0,0,0.0,0.0,0.0,89,63,615.0,9.76,4,1,1,4,0,0,84.0,146.5,150.5,115.0,0.0,17,0,5.25
163,REX BURKHEAD,NWE,RB,30,10,0,0.0,0,0.0,0,0,67,274.0,4.09,3.0,33,25,192.0,7.68,3,0,0,6,0,0,83.0,107.6,113.6,95.1,0.0,48,0,8.3
164,KENDRICK BOURNE,SFO,WR,25,15,5,0.0,0,0.0,0,0,0,0.0,0.0,0.0,74,49,667.0,13.61,2,0,0,2,1,0,81.0,129.7,132.7,105.2,0.0,62,0,5.4
165,GREG WARD,PHI,WR,25,16,10,1.0,1,15.0,0,0,2,-4.0,-2.0,0.0,79,53,419.0,7.91,6,2,0,6,1,0,80.0,133.1,136.1,106.6,0.0,63,0,5.0
166,JOE MIXON,CIN,RB,24,6,6,0.0,0,0.0,0,0,119,428.0,3.6,3.0,26,21,138.0,6.57,1,1,1,4,0,0,79.0,99.6,106.6,89.1,0.0,49,0,13.166666666666666
167,EVAN ENGRAM,NYG,TE,26,16,14,0.0,0,0.0,0,0,6,26.0,4.33,1.0,109,63,654.0,10.38,1,1,1,2,0,0,78.0,141.0,145.0,109.5,0.0,18,0,4.875
168,TRAVIS FULGHAM,PHI,WR,25,13,8,0.0,0,0.0,0,0,0,0.0,0.0,0.0,67,38,539.0,14.18,4,0,0,4,0,0,78.0,115.9,118.9,96.9,0.0,64,0,6.0
169,GEORGE KITTLE,SFO,TE,27,8,8,0.0,0,0.0,0,0,2,17.0,8.5,0.0,63,48,634.0,13.21,2,0,0,2,0,0,77.0,125.1,128.1,101.1,0.0,19,0,9.625
170,HUNTER RENFROW,LVR,WR,25,16,6,0.0,0,0.0,0,0,0,0.0,0.0,0.0,77,56,656.0,11.71,2,2,1,2,0,0,76.0,131.6,135.6,103.6,0.0,65,0,4.75
171,ALEXANDER MATTISON,MIN,RB,22,13,2,0.0,0,0.0,0,0,96,434.0,4.52,2.0,15,13,125.0,9.62,1,0,0,3,0,0,74.0,86.9,92.9,80.4,0.0,50,0,5.6923076923076925
172,CHRISTIAN MCCAFFREY,CAR,RB,24,3,3,0.0,0,0.0,0,0,59,225.0,3.81,5.0,19,17,149.0,8.76,1,0,0,6,0,0,73.0,90.4,96.4,81.9,0.0,51,0,24.333333333333332
173,ANTONIO BROWN,TAM,WR,32,8,4,0.0,0,0.0,0,0,2,-2.0,-1.0,0.0,62,45,483.0,10.73,4,0,0,4,0,0,72.0,117.1,120.1,94.6,0.0,67,0,9.0
174,JOSH REYNOLDS,LAR,WR,25,16,13,0.0,0,0.0,0,0,1,5.0,5.0,0.0,81,52,618.0,11.88,2,2,1,2,0,0,72.0,124.3,128.3,98.3,0.0,66,0,4.5
175,ALEX SMITH,WAS,QB,36,8,6,168.0,252,1582.0,6,8,10,3.0,0.3,0.0,0,0,0.0,0.0,0,2,0,0,0,0,72.0,71.6,82.6,79.6,0.0,36,0,9.0
176,BOSTON SCOTT,PHI,RB,25,16,4,0.0,0,0.0,0,0,80,374.0,4.68,1.0,36,25,212.0,8.48,1,2,0,2,0,0,71.0,95.6,101.6,83.1,0.0,52,0,4.4375
177,DALLAS GOEDERT,PHI,TE,25,11,9,0.0,0,0.0,0,0,0,0.0,0.0,0.0,65,46,524.0,11.39,3,0,0,3,0,0,70.0,116.4,119.4,93.4,0.0,20,0,6.363636363636363
178,BRIAN HILL,ATL,RB,25,16,1,0.0,0,0.0,0,0,100,465.0,4.65,1.0,30,25,199.0,7.96,0,2,1,1,0,0,70.0,95.4,102.4,82.9,0.0,53,0,4.375
179,ISAIAH MCKENZIE,BUF,WR,25,16,7,1.0,1,12.0,1,0,10,9.0,0.9,0.0,34,30,282.0,9.4,5,0,0,6,0,0,70.0,99.6,102.6,84.6,0.0,68,0,4.375
180,SCOTT MILLER,TAM,WR,23,16,5,0.0,0,0.0,0,0,3,14.0,4.67,0.0,53,33,501.0,15.18,3,0,0,3,0,0,70.0,102.5,105.5,86.0,0.0,69,0,4.375
181,DEVONTAE BOOKER,LVR,RB,28,16,1,0.0,0,0.0,0,0,93,423.0,4.55,3.0,21,17,84.0,4.94,0,1,0,3,0,0,69.0,85.7,88.7,77.2,0.0,55,0,4.3125
182,JALEN GUYTON,LAC,WR,23,16,9,0.0,0,0.0,0,0,2,0.0,0.0,0.0,55,28,511.0,18.25,3,0,0,3,0,0,69.0,97.1,100.1,83.1,0.0,72,0,4.3125
183,CARLOS HYDE,SEA,RB,30,10,1,0.0,0,0.0,0,0,81,356.0,4.4,4.0,20,16,93.0,5.81,0,1,0,4,0,0,69.0,84.9,87.9,76.9,0.0,54,0,6.9
184,BRESHAD PERRIMAN,NYJ,WR,27,12,12,0.0,0,0.0,0,0,1,6.0,6.0,0.0,60,30,505.0,16.83,3,0,0,3,0,0,69.0,99.1,102.1,84.1,0.0,71,0,5.75
185,IRV SMITH JR.,MIN,TE,22,13,7,0.0,0,0.0,0,0,0,0.0,0.0,0.0,43,30,365.0,12.17,5,0,0,5,1,0,69.0,98.5,101.5,83.5,0.0,21,0,5.3076923076923075
186,TRE'QUAN SMITH,NOR,WR,24,14,10,0.0,0,0.0,0,0,1,3.0,3.0,0.0,50,34,448.0,13.18,4,1,0,4,0,0,69.0,103.1,106.1,86.1,0.0,73,0,4.928571428571429
187,JAMES WASHINGTON,PIT,WR,24,16,7,0.0,0,0.0,0,0,0,0.0,0.0,0.0,56,30,392.0,13.07,5,0,0,5,0,0,69.0,99.2,102.2,84.2,0.0,70,0,4.3125
188,DAMIERE BYRD,NWE,WR,27,16,14,0.0,0,0.0,0,0,2,15.0,7.5,0.0,77,47,604.0,12.85,1,3,0,1,0,0,68.0,114.9,117.9,91.4,0.0,74,0,4.25
189,DWAYNE HASKINS,WAS,QB,23,7,6,148.0,241,1439.0,5,7,20,46.0,2.3,1.0,0,0,0.0,0.0,0,6,3,1,0,0,68.0,68.2,81.2,75.2,0.0,37,0,9.714285714285714
190,AUSTIN HOOPER,CLE,TE,26,13,13,0.0,0,0.0,0,0,0,0.0,0.0,0.0,70,46,435.0,9.46,4,0,0,4,0,0,68.0,113.5,116.5,90.5,0.0,22,0,5.230769230769231
191,SONY MICHEL,NWE,RB,25,9,6,0.0,0,0.0,0,0,79,449.0,5.68,1.0,9,7,114.0,16.29,1,0,0,2,0,0,68.0,75.3,81.3,71.8,0.0,56,0,7.555555555555555
192,JAMES WHITE,NWE,RB,28,14,0,0.0,0,0.0,0,0,35,121.0,3.46,2.0,62,49,375.0,7.65,1,1,0,3,0,0,68.0,116.6,122.6,92.1,0.0,57,0,4.857142857142857
193,DAN ARNOLD,ARI,TE,25,16,5,0.0,0,0.0,0,0,0,0.0,0.0,0.0,45,31,438.0,14.13,4,2,1,4,0,0,66.0,96.8,100.8,81.3,0.0,23,0,4.125
194,KALEN BALLAGE,2TM,RB,25,11,2,0.0,0,0.0,0,0,91,303.0,3.33,3.0,37,29,166.0,5.72,0,1,0,3,0,0,65.0,93.9,99.9,79.4,0.0,59,0,5.909090909090909
195,ALLEN LAZARD,GNB,WR,25,10,9,0.0,0,0.0,0,0,2,17.0,8.5,0.0,46,33,451.0,13.67,3,0,0,3,0,0,65.0,97.8,100.8,81.3,0.0,75,0,6.5
196,BENNY SNELL JR.,PIT,RB,22,16,3,0.0,0,0.0,0,0,111,368.0,3.32,4.0,14,10,61.0,6.1,0,2,1,4,0,0,65.0,74.9,78.9,69.9,0.0,58,0,4.0625
197,ODELL BECKHAM JR.,CLE,WR,28,7,7,1.0,1,18.0,0,0,3,72.0,24.0,1.0,43,23,319.0,13.87,3,0,0,4,0,0,64.0,86.8,89.8,75.3,0.0,77,0,9.142857142857142
198,JOHN BROWN,BUF,WR,30,9,8,0.0,0,0.0,0,0,0,0.0,0.0,0.0,52,33,458.0,13.88,3,0,0,3,0,0,64.0,96.8,99.8,80.3,0.0,78,0,7.111111111111111
199,JIMMY GAROPPOLO,SFO,QB,29,6,6,94.0,140,1096.0,7,5,10,25.0,2.5,0.0,0,0,0.0,0.0,0,2,0,0,0,0,64.0,64.3,72.3,69.3,0.0,38,0,10.666666666666666
200,A.J. GREEN,CIN,WR,32,16,14,0.0,0,0.0,0,0,0,0.0,0.0,0.0,104,47,523.0,11.13,2,0,0,2,0,0,64.0,111.3,114.3,87.8,0.0,76,0,4.0
201,KYLE JUSZCZYK,SFO,RB,29,16,15,0.0,0,0.0,0,0,17,64.0,3.76,2.0,29,19,202.0,10.63,4,1,0,6,0,0,63.0,81.6,84.6,72.1,0.0,60,0,3.9375
202,DEMARCUS ROBINSON,KAN,WR,26,16,9,0.0,0,0.0,0,0,0,0.0,0.0,0.0,59,45,466.0,10.36,3,2,1,3,0,0,63.0,107.6,111.6,85.1,0.0,79,0,3.9375
203,RANDALL COBB,HOU,WR,30,10,2,0.0,1,0.0,0,0,0,0.0,0.0,0.0,48,38,441.0,11.61,3,0,0,3,0,0,62.0,100.1,103.1,81.1,0.0,80,0,6.2
204,MIKE GLENNON,JAX,QB,31,5,5,111.0,179,1072.0,7,5,6,17.0,2.83,0.0,0,0,0.0,0.0,0,2,2,0,0,1,61.0,60.6,70.6,65.6,0.0,39,0,12.2
205,WILLIE SNEAD,BAL,WR,28,13,8,0.0,0,0.0,0,0,0,0.0,0.0,0.0,48,33,432.0,13.09,3,1,0,3,0,0,61.0,94.2,97.2,77.7,0.0,81,0,4.6923076923076925
206,DANNY AMENDOLA,DET,WR,35,14,5,0.0,0,0.0,0,0,1,2.0,2.0,0.0,69,46,602.0,13.09,0,0,0,0,0,0,60.0,106.4,109.4,83.4,0.0,82,0,4.285714285714286
207,BRAXTON BERRIOS,NYJ,WR,25,16,2,0.0,0,0.0,0,0,3,29.0,9.67,0.0,55,37,394.0,10.65,3,0,0,3,0,0,60.0,97.3,100.3,78.8,0.0,83,0,3.75
208,KJ HAMLER,DEN,WR,21,13,4,0.0,0,0.0,0,0,9,40.0,4.44,0.0,56,30,381.0,12.7,3,2,0,3,0,0,60.0,90.1,93.1,75.1,0.0,84,0,4.615384615384615
209,TYRON JOHNSON,LAC,WR,24,12,0,0.0,0,0.0,0,0,3,17.0,5.67,0.0,26,20,398.0,19.9,3,0,0,3,0,0,60.0,79.5,82.5,69.5,0.0,86,0,5.0
210,ANTHONY MILLER,CHI,WR,26,16,6,0.0,0,0.0,0,0,2,12.0,6.0,0.0,76,49,485.0,9.9,2,2,1,2,0,0,60.0,108.7,112.7,84.2,0.0,85,0,3.75
211,LE'VEON BELL,2TM,RB,28,11,4,0.0,0,0.0,0,0,82,328.0,4.0,2.0,20,16,138.0,8.63,0,1,0,2,0,0,59.0,74.6,80.6,66.6,0.0,62,0,5.363636363636363
212,PHILLIP LINDSAY,DEN,RB,26,11,8,0.0,0,0.0,0,0,118,502.0,4.25,1.0,14,7,28.0,4.0,0,0,0,1,0,0,59.0,66.0,69.0,62.5,0.0,61,0,5.363636363636363
213,MICHAEL PITTMAN JR.,IND,WR,23,13,8,0.0,0,0.0,0,0,3,26.0,8.67,0.0,61,40,503.0,12.58,1,0,0,1,0,0,59.0,98.9,101.9,78.9,0.0,87,0,4.538461538461538
214,SALVON AHMED,MIA,RB,22,6,4,0.0,0,0.0,0,0,75,319.0,4.25,3.0,14,11,61.0,5.55,0,0,0,3,1,0,58.0,69.0,72.0,63.5,0.0,64,0,9.666666666666666
215,JOSHUA KELLEY,LAC,RB,23,14,0,0.0,0,0.0,0,0,111,354.0,3.19,2.0,23,23,148.0,6.43,0,2,2,2,0,0,58.0,81.2,89.2,69.7,0.0,63,0,4.142857142857143
216,HENRY RUGGS III,LVR,WR,21,13,12,0.0,0,0.0,0,0,9,49.0,5.44,0.0,43,26,452.0,17.38,2,2,2,2,0,0,58.0,84.1,89.1,71.1,0.0,88,0,4.461538461538462
217,CHRIS CONLEY,JAX,WR,28,15,4,0.0,0,0.0,0,0,0,0.0,0.0,0.0,63,40,471.0,11.78,2,1,1,2,0,0,57.0,97.1,101.1,77.1,0.0,89,0,3.8
218,PRESTON WILLIAMS,MIA,WR,23,8,7,0.0,0,0.0,0,0,0,0.0,0.0,0.0,35,18,288.0,16.0,4,0,0,4,2,0,57.0,74.8,77.8,65.8,0.0,90,0,7.125
219,DUKE JOHNSON,HOU,RB,27,11,5,0.0,0,0.0,0,0,77,235.0,3.05,1.0,35,28,249.0,8.89,1,3,2,2,0,0,56.0,84.4,92.4,70.4,0.0,65,0,5.090909090909091
220,JALEN REAGOR,PHI,WR,21,11,11,0.0,0,0.0,0,0,4,26.0,6.5,0.0,54,31,396.0,12.77,1,2,0,2,1,0,56.0,87.2,90.2,71.7,0.0,91,0,5.090909090909091
221,TREY BURTON,IND,TE,29,13,4,0.0,0,0.0,0,0,2,3.0,1.5,2.0,47,28,250.0,8.93,3,0,0,5,0,0,55.0,83.3,86.3,69.3,0.0,24,0,4.230769230769231
222,DARREN FELLS,HOU,TE,34,16,14,0.0,0,0.0,0,0,0,0.0,0.0,0.0,28,21,312.0,14.86,4,0,0,4,0,0,55.0,76.2,79.2,65.7,0.0,25,0,3.4375
223,JOE FLACCO,NYJ,QB,35,5,4,74.0,134,864.0,6,3,6,22.0,3.67,0.0,0,0,0.0,0.0,0,1,0,0,0,0,55.0,54.8,60.8,57.8,0.0,40,0,11.0
224,SAMAJE PERINE,CIN,RB,25,16,1,0.0,0,0.0,0,0,63,301.0,4.78,3.0,12,11,66.0,6.0,0,0,0,3,0,0,55.0,65.7,68.7,60.2,0.0,66,0,3.4375
225,KEKE COUTEE,HOU,WR,23,8,4,0.0,0,0.0,0,0,0,0.0,0.0,0.0,40,33,400.0,12.12,3,4,3,3,1,0,54.0,87.0,93.0,70.5,0.0,93,0,6.75
226,CAM SIMS,WAS,WR,24,16,10,0.0,0,0.0,0,0,1,5.0,5.0,0.0,48,32,477.0,14.91,1,0,0,1,0,0,54.0,86.2,89.2,70.2,0.0,92,0,3.375
227,KERRYON JOHNSON,DET,RB,23,16,2,0.0,0,0.0,0,0,52,181.0,3.48,2.0,26,19,187.0,9.84,1,1,1,3,0,0,53.0,71.8,78.8,62.3,0.0,67,0,3.3125
228,C.J. BEATHARD,SFO,QB,27,6,2,66.0,104,787.0,6,0,6,28.0,4.67,0.0,0,0,0.0,0.0,0,3,3,0,0,0,52.0,52.3,58.3,52.3,0.0,41,0,8.666666666666666
229,GERALD EVERETT,LAR,TE,26,16,7,0.0,0,0.0,0,0,1,2.0,2.0,1.0,62,41,417.0,10.17,1,1,1,2,0,0,52.0,92.9,96.9,72.4,0.0,26,0,3.25
230,GOLDEN TATE,NYG,WR,32,12,4,1.0,2,18.0,0,0,0,0.0,0.0,0.0,52,35,388.0,11.09,2,0,0,2,0,0,52.0,86.5,89.5,69.0,0.0,94,0,4.333333333333333
231,PEYTON BARBER,WAS,RB,26,16,2,0.0,0,0.0,0,0,94,258.0,2.74,4.0,7,4,12.0,3.0,0,0,0,4,0,0,51.0,55.0,58.0,53.0,0.0,68,0,3.1875
232,MILES BOYKIN,BAL,WR,24,16,13,0.0,0,0.0,0,0,0,0.0,0.0,0.0,33,19,266.0,14.0,4,0,0,4,0,0,51.0,69.6,72.6,60.1,0.0,96,0,3.1875
233,JAKEEM GRANT,MIA,WR,28,14,4,0.0,0,0.0,0,0,3,20.0,6.67,0.0,54,36,373.0,10.36,1,2,0,2,0,0,51.0,87.3,90.3,69.3,0.0,95,0,3.642857142857143
234,BRANDON ALLEN,CIN,QB,28,5,5,90.0,142,925.0,5,4,13,27.0,2.08,0.0,1,0,0.0,0.0,0,1,1,0,0,0,50.0,49.7,57.7,53.7,0.0,42,0,10.0
235,SAMMY WATKINS,KAN,WR,27,10,9,0.0,1,0.0,0,1,1,3.0,3.0,0.0,55,37,421.0,11.38,2,1,1,2,0,0,50.0,87.4,92.4,69.9,0.0,97,0,5.0
236,MO ALIE-COX,IND,TE,27,15,6,0.0,0,0.0,0,0,0,0.0,0.0,0.0,39,31,394.0,12.71,2,1,1,2,0,0,49.0,80.4,84.4,64.9,0.0,27,0,3.2666666666666666
237,JORDAN WILKINS,IND,RB,26,15,0,0.0,0,0.0,0,0,84,308.0,3.67,1.0,16,12,105.0,8.75,0,0,0,1,1,0,49.0,61.3,67.3,55.3,0.0,69,0,3.2666666666666666
238,CORDARRELLE PATTERSON,CHI,WR,29,16,3,0.0,0,0.0,0,0,64,232.0,3.63,1.0,25,21,132.0,6.29,0,0,0,2,0,0,48.0,69.4,75.4,58.9,0.0,98,0,3.0
239,DEEBO SAMUEL,SFO,WR,24,7,5,0.0,0,0.0,0,0,8,26.0,3.25,0.0,44,33,391.0,11.85,1,0,0,1,0,0,48.0,80.7,83.7,64.2,0.0,99,0,6.857142857142857
240,JORDAN AKINS,HOU,TE,28,13,5,0.0,0,0.0,0,0,1,4.0,4.0,0.0,49,37,403.0,10.89,1,0,0,1,0,0,47.0,83.7,86.7,65.2,0.0,30,0,3.6153846153846154
241,QUINTEZ CEPHUS,DET,WR,22,13,2,0.0,0,0.0,0,0,0,0.0,0.0,0.0,35,20,349.0,17.45,2,0,0,2,0,0,47.0,66.9,69.9,56.9,0.0,100,0,3.6153846153846154
242,TYLER EIFERT,JAX,TE,30,15,4,0.0,0,0.0,0,0,0,0.0,0.0,0.0,60,36,349.0,9.69,2,0,0,2,0,0,47.0,82.9,85.9,64.9,0.0,29,0,3.1333333333333333
243,LARRY FITZGERALD,ARI,WR,37,13,13,0.0,0,0.0,0,0,0,0.0,0.0,0.0,72,54,409.0,7.57,1,0,0,1,0,0,47.0,100.9,103.9,73.9,0.0,101,0,3.6153846153846154
244,MARK INGRAM,BAL,RB,31,11,9,0.0,0,0.0,0,0,72,299.0,4.15,2.0,8,6,50.0,8.33,0,0,0,2,0,0,47.0,52.9,55.9,49.9,0.0,71,0,4.2727272727272725
245,TY JOHNSON,2TM,RB,23,13,1,0.0,0,0.0,0,0,54,254.0,4.7,1.0,21,16,99.0,6.19,1,0,0,2,0,0,47.0,63.3,66.3,55.3,0.0,70,0,3.6153846153846154
246,JORDAN REED,SFO,TE,30,10,1,0.0,0,0.0,0,0,0,0.0,0.0,0.0,46,26,231.0,8.88,4,0,0,4,0,0,47.0,73.1,76.1,60.1,0.0,28,0,4.7
247,RICHARD RODGERS,PHI,TE,28,14,4,0.0,0,0.0,0,0,0,0.0,0.0,0.0,31,24,345.0,14.38,2,0,0,2,0,0,47.0,70.5,73.5,58.5,0.0,31,0,3.357142857142857
248,KENNY GOLLADAY,DET,WR,27,5,5,0.0,0,0.0,0,0,0,0.0,0.0,0.0,32,20,338.0,16.9,2,0,0,2,0,0,46.0,65.8,68.8,55.8,0.0,102,0,9.2
249,JUSTIN JACKSON,LAC,RB,24,9,4,0.0,0,0.0,0,0,59,270.0,4.58,0.0,24,19,173.0,9.11,0,0,0,0,1,0,46.0,65.3,71.3,55.8,0.0,72,0,5.111111111111111
250,KYLE ALLEN,WAS,QB,24,4,4,60.0,87,610.0,4,1,7,26.0,3.71,1.0,0,0,0.0,0.0,0,1,1,1,0,0,45.0,45.0,50.0,46.0,0.0,43,0,11.25
251,ANTHONY FIRKSER,TEN,TE,25,16,1,0.0,0,0.0,0,0,0,0.0,0.0,0.0,53,39,387.0,9.92,1,0,0,1,0,0,45.0,83.7,86.7,64.2,0.0,32,0,2.8125
252,DONOVAN PEOPLES-JONES,CLE,WR,21,12,2,0.0,0,0.0,0,0,0,0.0,0.0,0.0,20,14,304.0,21.71,2,0,0,2,1,0,44.0,58.4,61.4,51.4,0.0,103,0,3.6666666666666665
253,MICHAEL THOMAS,NOR,WR,27,7,5,0.0,0,0.0,0,0,1,1.0,1.0,0.0,55,40,438.0,10.95,0,0,0,0,0,0,44.0,83.9,86.9,63.9,0.0,104,0,6.285714285714286
254,CHRIS HERNDON,NYJ,TE,24,16,13,0.0,0,0.0,0,0,0,0.0,0.0,0.0,45,31,287.0,9.26,3,2,2,3,0,0,43.0,73.7,78.7,58.2,0.0,34,0,2.6875
255,DAWSON KNOX,BUF,TE,24,12,7,0.0,0,0.0,0,0,0,0.0,0.0,0.0,44,24,288.0,12.0,3,2,2,3,0,0,43.0,66.8,71.8,54.8,0.0,33,0,3.5833333333333335
256,ZACH ERTZ,PHI,TE,30,11,11,0.0,0,0.0,0,0,0,0.0,0.0,0.0,72,36,335.0,9.31,1,0,0,1,1,0,42.0,77.5,80.5,59.5,0.0,35,0,3.8181818181818183
257,MARVIN HALL,2TM,WR,27,12,6,0.0,0,0.0,0,0,1,1.0,1.0,0.0,32,18,302.0,16.78,2,0,0,2,0,0,42.0,60.3,63.3,51.3,0.0,105,0,3.5
258,LA'MICAL PERINE,NYJ,RB,22,10,0,0.0,0,0.0,0,0,64,232.0,3.63,2.0,15,11,63.0,5.73,0,0,0,2,0,0,42.0,52.5,55.5,47.0,0.0,73,0,4.2
259,JACK DOYLE,IND,TE,30,14,12,0.0,0,0.0,0,0,0,0.0,0.0,0.0,33,23,251.0,10.91,3,1,1,3,0,0,41.0,64.1,68.1,52.6,0.0,36,0,2.9285714285714284
260,N'KEAL HARRY,NWE,WR,23,14,9,0.0,0,0.0,0,0,2,0.0,0.0,0.0,57,33,309.0,9.36,2,1,1,2,0,0,41.0,73.9,77.9,57.4,0.0,108,0,2.9285714285714284
261,JACOB HOLLISTER,SEA,TE,27,16,5,0.0,0,0.0,0,0,0,0.0,0.0,0.0,40,25,209.0,8.36,3,0,0,3,1,0,41.0,65.9,68.9,53.4,0.0,37,0,2.5625
262,RICHIE JAMES,SFO,WR,25,11,7,0.0,0,0.0,0,0,0,0.0,0.0,0.0,35,23,394.0,17.13,1,2,2,1,0,0,41.0,64.4,69.4,52.9,0.0,106,0,3.727272727272727
263,COLLIN JOHNSON,JAX,WR,23,14,0,0.0,0,0.0,0,0,0,0.0,0.0,0.0,31,18,272.0,15.11,2,0,0,2,1,0,41.0,59.2,62.2,50.2,0.0,107,0,2.9285714285714284
264,CAMERON BRATE,TAM,TE,29,16,1,0.0,0,0.0,0,0,0,0.0,0.0,0.0,34,28,282.0,10.07,2,0,0,2,0,0,40.0,68.2,71.2,54.2,0.0,38,0,2.5
265,DEEJAY DALLAS,SEA,RB,22,12,2,0.0,0,0.0,0,0,34,108.0,3.18,2.0,20,17,111.0,6.53,1,0,0,3,0,0,40.0,56.9,62.9,48.4,0.0,75,0,3.3333333333333335
266,ITO SMITH,ATL,RB,25,14,0,0.0,0,0.0,0,0,63,268.0,4.25,1.0,26,17,75.0,4.41,0,1,0,1,0,0,40.0,57.3,60.3,48.8,0.0,74,0,2.857142857142857
267,DAESEAN HAMILTON,DEN,WR,25,16,2,0.0,0,0.0,0,0,0,0.0,0.0,0.0,44,23,293.0,12.74,2,1,1,2,0,0,39.0,62.3,66.3,50.8,0.0,109,0,2.4375
268,DREW SAMPLE,CIN,TE,24,16,13,0.0,0,0.0,0,0,0,0.0,0.0,0.0,53,40,349.0,8.73,1,1,1,1,0,0,39.0,78.9,82.9,58.9,0.0,39,0,2.4375
269,HARRISON BRYANT,CLE,TE,22,15,9,0.0,0,0.0,0,0,0,0.0,0.0,0.0,38,24,238.0,9.92,3,2,2,3,0,0,38.0,61.8,66.8,49.8,0.0,40,0,2.533333333333333
270,AJ DILLON,GNB,RB,22,11,0,0.0,0,0.0,0,0,46,242.0,5.26,2.0,2,2,21.0,10.5,0,0,0,2,0,0,38.0,40.3,43.3,39.3,0.0,76,0,3.4545454545454546
271,DION LEWIS,NYG,RB,30,16,0,0.0,0,0.0,0,0,29,115.0,3.97,2.0,30,19,127.0,6.68,1,3,2,3,0,0,38.0,57.2,65.2,47.7,0.0,77,0,2.375
272,DENZEL MIMS,NYJ,WR,23,9,8,0.0,0,0.0,0,0,0,0.0,0.0,0.0,44,23,357.0,15.52,0,0,0,0,1,0,38.0,60.7,63.7,49.2,0.0,110,0,4.222222222222222
273,ALFRED MORRIS,NYG,RB,32,9,0,0.0,0,0.0,0,0,55,238.0,4.33,1.0,4,3,19.0,6.33,1,0,0,2,0,0,38.0,40.7,43.7,39.2,0.0,78,0,4.222222222222222
274,WILL DISSLY,SEA,TE,24,16,12,0.0,0,0.0,0,0,0,0.0,0.0,0.0,29,24,251.0,10.46,2,0,0,2,0,0,37.0,61.1,64.1,49.1,0.0,42,0,2.3125
275,KYLE RUDOLPH,MIN,TE,31,12,12,0.0,0,0.0,0,0,0,0.0,0.0,0.0,37,28,334.0,11.93,1,1,1,1,0,0,37.0,65.4,69.4,51.4,0.0,41,0,3.0833333333333335
276,DARREL WILLIAMS,KAN,RB,25,16,0,0.0,0,0.0,0,0,39,169.0,4.33,1.0,26,18,116.0,6.44,0,0,0,1,1,0,37.0,54.5,60.5,45.5,0.0,79,0,2.3125
277,JULIAN EDELMAN,NWE,WR,34,6,1,2.0,2,38.0,0,0,2,22.0,11.0,0.0,39,21,315.0,15.0,0,0,0,0,0,0,35.0,56.2,59.2,45.7,0.0,111,0,5.833333333333333
278,ADAM HUMPHRIES,TEN,WR,27,7,1,0.0,0,0.0,0,0,0,0.0,0.0,0.0,35,23,228.0,9.91,2,0,0,2,0,0,35.0,57.8,60.8,46.3,0.0,112,0,5.0
279,CEDRICK WILSON JR.,DAL,WR,25,16,0,2.0,2,23.0,1,0,3,-12.0,-4.0,0.0,28,17,189.0,11.12,2,0,0,2,0,0,35.0,51.6,54.6,43.1,0.0,113,0,2.1875
280,ANDY ISABELLA,ARI,WR,24,13,2,0.0,0,0.0,0,0,1,-6.0,-6.0,0.0,35,21,224.0,10.67,2,1,0,2,0,0,34.0,54.8,57.8,44.3,0.0,114,0,2.6153846153846154
281,COLE KMET,CHI,TE,21,16,9,0.0,0,0.0,0,0,1,-3.0,-3.0,0.0,44,28,243.0,8.68,2,1,1,2,0,0,34.0,62.0,66.0,48.0,0.0,43,0,2.125
282,DONALD PARHAM,LAC,TE,23,13,5,0.0,0,0.0,0,0,0,0.0,0.0,0.0,20,10,159.0,15.9,3,0,0,3,0,0,34.0,43.9,46.9,38.9,0.0,44,0,2.6153846153846154
283,MATT BREIDA,MIA,RB,25,12,1,0.0,0,0.0,0,0,59,254.0,4.31,0.0,10,9,96.0,10.67,0,2,1,0,0,0,33.0,42.0,46.0,37.5,0.0,80,0,2.75
284,DEVIN DUVERNAY,BAL,WR,23,16,3,0.0,0,0.0,0,0,4,70.0,17.5,0.0,26,20,201.0,10.05,0,0,0,1,0,0,33.0,53.1,56.1,43.1,0.0,116,0,2.0625
285,DAVID NJOKU,CLE,TE,24,13,5,0.0,0,0.0,0,0,0,0.0,0.0,0.0,29,19,213.0,11.21,2,0,0,2,0,0,33.0,52.3,55.3,42.8,0.0,45,0,2.5384615384615383
286,ADAM SHAHEEN,MIA,TE,26,16,5,0.0,0,0.0,0,0,0,0.0,0.0,0.0,22,12,150.0,12.5,3,0,0,3,0,0,33.0,45.0,48.0,39.0,0.0,46,0,2.0625
287,DURHAM SMYTHE,MIA,TE,25,15,13,0.0,0,0.0,0,0,0,0.0,0.0,0.0,29,26,208.0,8.0,2,0,0,2,0,0,33.0,58.8,61.8,45.8,0.0,47,0,2.2
288,OLAMIDE ZACCHEAUS,ATL,WR,23,11,2,0.0,0,0.0,0,0,1,0.0,0.0,0.0,32,20,274.0,13.7,1,0,0,1,0,0,33.0,53.4,56.4,43.4,0.0,115,0,3.0
289,JEREMY MCNICHOLS,TEN,RB,25,16,0,0.0,0,0.0,0,0,47,204.0,4.34,1.0,17,12,55.0,4.58,0,0,0,1,0,0,32.0,43.9,46.9,37.9,0.0,82,0,2.0
290,JALEN RICHARD,LVR,RB,27,13,0,0.0,0,0.0,0,0,22,123.0,5.59,1.0,23,19,138.0,7.26,0,1,0,1,0,0,32.0,51.1,57.1,41.6,0.0,81,0,2.4615384615384617
291,JOSH ADAMS,NYJ,RB,24,8,0,0.0,0,0.0,0,0,29,157.0,5.41,2.0,8,6,29.0,4.83,0,0,0,2,0,0,31.0,36.6,39.6,33.6,0.0,83,0,3.875
292,ROSS DWELLEY,SFO,TE,25,16,9,0.0,0,0.0,0,0,0,0.0,0.0,0.0,24,19,245.0,12.89,1,0,0,1,0,0,31.0,49.5,52.5,40.0,0.0,48,0,1.9375
293,DESEAN JACKSON,PHI,WR,34,5,5,0.0,0,0.0,0,0,1,12.0,12.0,0.0,26,14,236.0,16.86,1,0,0,1,0,0,31.0,44.8,47.8,37.8,0.0,117,0,6.2
294,CHAD BEEBE,MIN,WR,26,14,0,0.0,0,0.0,0,0,0,0.0,0.0,0.0,30,20,201.0,10.05,2,2,1,2,0,0,30.0,50.1,54.1,40.1,0.0,119,0,2.142857142857143
295,JEFF DRISKEL,DEN,QB,27,3,1,35.0,64,432.0,3,2,6,28.0,4.67,0.0,0,0,0.0,0.0,0,0,0,0,0,1,30.0,30.1,35.1,32.1,0.0,44,0,10.0
296,CHAD HANSEN,HOU,WR,25,5,2,0.0,0,0.0,0,0,0,0.0,0.0,0.0,24,17,236.0,13.88,1,0,0,1,0,0,30.0,46.6,49.6,38.1,0.0,120,0,6.0
297,JORDAN HOWARD,2TM,RB,26,7,4,0.0,0,0.0,0,0,35,60.0,1.71,4.0,1,1,-3.0,-3.0,0,1,0,4,0,0,30.0,30.7,30.7,30.2,0.0,84,0,4.285714285714286
298,TYLER KROFT,BUF,TE,28,10,4,0.0,0,0.0,0,0,0,0.0,0.0,0.0,16,12,119.0,9.92,3,0,0,3,0,0,30.0,41.9,44.9,35.9,0.0,50,0,3.0
299,GREG OLSEN,SEA,TE,35,11,8,0.0,0,0.0,0,0,0,0.0,0.0,0.0,37,24,239.0,9.96,1,0,0,1,0,0,30.0,53.9,56.9,41.9,0.0,49,0,2.727272727272727
300,STEVEN SIMS,WAS,WR,23,12,2,0.0,0,0.0,0,0,1,18.0,18.0,0.0,37,27,265.0,9.81,1,5,2,1,0,0,30.0,57.3,62.3,43.8,0.0,118,0,2.5
301,DEVONTA FREEMAN,NYG,RB,28,5,4,0.0,0,0.0,0,0,54,172.0,3.19,1.0,10,7,58.0,8.29,0,0,0,1,0,0,29.0,36.0,39.0,32.5,0.0,85,0,5.8
302,TYLER JOHNSON,TAM,WR,22,14,3,0.0,0,0.0,0,0,0,0.0,0.0,0.0,17,12,169.0,14.08,2,0,0,2,0,0,29.0,40.9,43.9,34.9,0.0,121,0,2.0714285714285716
303,MARCEDES LEWIS,GNB,TE,36,15,15,0.0,0,0.0,0,0,0,0.0,0.0,0.0,17,10,107.0,10.7,3,0,0,3,0,0,29.0,38.7,41.7,33.7,0.0,51,0,1.9333333333333333
304,PHARAOH BROWN,HOU,TE,26,13,9,0.0,0,0.0,0,0,0,0.0,0.0,0.0,16,14,163.0,11.64,2,0,0,2,0,0,28.0,42.3,45.3,35.3,0.0,52,0,2.1538461538461537
305,ISAIAH FORD,MIA,WR,24,10,1,0.0,0,0.0,0,0,0,0.0,0.0,0.0,44,28,276.0,9.86,0,0,0,0,0,0,28.0,55.6,58.6,41.6,0.0,127,0,2.8
306,DEONTE HARRIS,NOR,WR,23,9,2,0.0,0,0.0,0,0,6,51.0,8.5,0.0,25,20,186.0,9.3,1,3,1,1,0,0,28.0,47.7,51.7,37.7,0.0,126,0,3.111111111111111
307,DONTRELLE INMAN,WAS,WR,31,10,2,0.0,0,0.0,0,0,0,0.0,0.0,0.0,28,18,163.0,9.06,2,1,0,2,0,0,28.0,46.3,49.3,37.3,0.0,122,0,2.8
308,VAN JEFFERSON,LAR,WR,24,16,0,0.0,0,0.0,0,0,1,-1.0,-1.0,0.0,31,19,220.0,11.58,1,1,0,1,0,0,28.0,46.9,49.9,37.4,0.0,124,0,1.75
309,JAKE LUTON,JAX,QB,24,3,3,60.0,110,624.0,2,6,1,13.0,13.0,1.0,0,0,0.0,0.0,0,2,0,1,0,0,28.0,28.3,37.3,34.3,0.0,45,0,9.333333333333334
310,BYRON PRINGLE,KAN,WR,27,13,3,0.0,0,0.0,0,0,0,0.0,0.0,0.0,17,13,160.0,12.31,1,0,0,2,0,0,28.0,41.0,44.0,34.5,0.0,123,0,2.1538461538461537
311,RODNEY SMITH,CAR,RB,24,7,1,0.0,0,0.0,0,0,41,156.0,3.8,1.0,11,9,59.0,6.56,0,1,0,1,0,0,28.0,36.5,39.5,32.0,0.0,86,0,4.0
312,FREDDIE SWAIN,SEA,WR,22,16,1,0.0,0,0.0,0,0,0,0.0,0.0,0.0,21,13,159.0,12.23,2,0,0,2,0,0,28.0,40.9,43.9,34.4,0.0,125,0,1.75
313,O.J. HOWARD,TAM,TE,26,4,1,0.0,0,0.0,0,0,0,0.0,0.0,0.0,19,11,146.0,13.27,2,0,0,2,0,0,27.0,37.6,40.6,32.1,0.0,53,0,6.75
314,MOHAMED SANU,2TM,WR,31,10,4,0.0,0,0.0,0,0,1,3.0,3.0,0.0,24,17,187.0,11.0,1,0,0,1,1,0,27.0,44.0,47.0,35.5,0.0,128,0,2.7
315,LYNN BOWDEN JR.,MIA,RB,23,10,4,1.0,2,32.0,0,0,9,32.0,3.56,0.0,37,28,211.0,7.54,0,0,0,0,0,0,26.0,53.6,56.6,39.6,0.0,88,0,2.6
316,MARCUS JOHNSON,IND,WR,26,11,3,0.0,0,0.0,0,0,0,0.0,0.0,0.0,28,14,255.0,18.21,0,0,0,0,0,0,26.0,39.5,42.5,32.5,0.0,129,0,2.3636363636363638
317,MARCUS MARIOTA,LVR,QB,27,1,0,17.0,28,226.0,1,1,9,88.0,9.78,1.0,0,0,0.0,0.0,0,0,0,1,0,0,26.0,25.8,26.8,26.8,0.0,46,0,26.0
318,FOSTER MOREAU,LVR,TE,23,16,2,0.0,0,0.0,0,0,0,0.0,0.0,0.0,9,7,140.0,20.0,2,0,0,2,0,0,26.0,33.0,36.0,29.5,0.0,55,0,1.625
319,JAMES O'SHAUGHNESSY,JAX,TE,28,15,13,0.0,0,0.0,0,0,0,0.0,0.0,0.0,38,28,262.0,9.36,0,0,0,0,0,0,26.0,54.2,57.2,40.2,0.0,54,0,1.7333333333333334
320,DARWIN THOMPSON,KAN,RB,23,14,1,0.0,0,0.0,0,0,27,97.0,3.59,1.0,11,7,65.0,9.29,1,2,1,2,0,0,26.0,33.2,34.2,29.7,0.0,87,0,1.8571428571428572
321,TYLER CONKLIN,MIN,TE,25,16,2,0.0,0,0.0,0,0,0,0.0,0.0,0.0,26,19,194.0,10.21,1,1,0,1,0,0,25.0,44.4,47.4,34.9,0.0,56,0,1.5625
322,BRYAN EDWARDS,LVR,WR,22,12,3,0.0,0,0.0,0,0,0,0.0,0.0,0.0,15,11,193.0,17.55,1,0,0,1,0,0,25.0,36.3,39.3,30.8,0.0,130,0,2.0833333333333335
323,ROYCE FREEMAN,DEN,RB,24,16,0,0.0,0,0.0,0,0,35,170.0,4.86,0.0,13,12,81.0,6.75,0,0,0,0,0,0,25.0,37.1,40.1,31.1,0.0,89,0,1.5625
324,JESSE JAMES,DET,TE,26,16,7,0.0,0,0.0,0,0,0,0.0,0.0,0.0,22,14,129.0,9.21,2,0,0,2,0,0,25.0,38.9,41.9,31.9,0.0,57,0,1.5625
325,JAMYCAL HASTY,SFO,RB,24,8,0,0.0,0,0.0,0,0,39,148.0,3.79,1.0,8,7,33.0,4.71,0,1,0,1,0,0,24.0,31.1,34.1,27.6,0.0,90,0,3.0
326,CHAD HENNE,KAN,QB,35,3,1,28.0,38,248.0,2,0,7,-2.0,-0.29,1.0,0,0,0.0,0.0,0,2,0,1,0,0,24.0,23.7,23.7,23.7,0.0,47,0,8.0
327,TRAVIS HOMER,SEA,RB,22,9,0,0.0,0,0.0,0,0,25,88.0,3.52,0.0,10,9,90.0,10.0,1,0,0,1,0,0,24.0,32.8,32.8,28.3,0.0,91,0,2.6666666666666665
328,NICK BOYLE,BAL,TE,27,9,9,0.0,0,0.0,0,0,0,0.0,0.0,0.0,17,14,113.0,8.07,2,0,0,2,0,0,23.0,37.3,40.3,30.3,0.0,58,0,2.5555555555555554
329,ZAY JONES,LVR,WR,25,16,2,1.0,1,29.0,0,0,0,0.0,0.0,0.0,20,14,154.0,11.0,1,0,0,1,0,0,23.0,36.6,39.6,29.6,0.0,131,0,1.4375
330,MYCOLE PRUITT,TEN,TE,28,11,4,0.0,0,0.0,0,0,0,0.0,0.0,0.0,8,5,49.0,9.8,2,0,0,3,0,0,23.0,27.9,27.9,25.4,0.0,60,0,2.090909090909091
331,CHRIS THOMPSON,JAX,RB,30,8,0,0.0,0,0.0,0,0,7,20.0,2.86,0.0,23,20,146.0,7.3,1,0,0,1,0,0,23.0,42.6,45.6,32.6,0.0,92,0,2.875
332,ADAM TRAUTMAN,NOR,TE,23,15,6,0.0,0,0.0,0,0,0,0.0,0.0,0.0,16,15,171.0,11.4,1,0,0,1,0,0,23.0,38.1,41.1,30.6,0.0,59,0,1.5333333333333334
333,AMEER ABDULLAH,MIN,RB,27,16,0,0.0,0,0.0,0,0,8,42.0,5.25,0.0,9,8,58.0,7.25,2,0,0,2,0,0,22.0,30.0,30.0,26.0,0.0,93,0,1.375
334,MACK HOLLINS,MIA,WR,27,16,2,0.0,0,0.0,0,0,0,0.0,0.0,0.0,25,16,176.0,11.0,1,1,1,1,0,0,22.0,37.6,41.6,29.6,0.0,132,0,1.375
335,JACOBY BRISSETT,IND,QB,28,11,0,2.0,8,17.0,0,0,17,19.0,1.12,3.0,0,0,0.0,0.0,0,0,0,3,0,0,21.0,20.6,20.6,20.6,0.0,48,0,1.9090909090909092
336,MARQUEZ CALLAWAY,NOR,WR,22,11,3,0.0,0,0.0,0,0,0,0.0,0.0,0.0,27,21,213.0,10.14,0,0,0,0,0,0,21.0,42.3,45.3,31.8,0.0,133,0,1.9090909090909092
337,OLABISI JOHNSON,MIN,WR,23,16,3,0.0,0,0.0,0,0,0,0.0,0.0,0.0,19,14,189.0,13.5,0,0,0,0,1,0,21.0,34.9,37.9,27.9,0.0,134,0,1.3125
338,GUNNER OLSZEWSKI,NWE,WR,24,13,2,0.0,0,0.0,0,0,5,23.0,4.6,0.0,5,5,62.0,12.4,1,1,0,2,0,0,21.0,25.5,25.5,23.0,0.0,135,0,1.6153846153846154
339,IAN THOMAS,CAR,TE,24,16,8,0.0,0,0.0,0,0,0,0.0,0.0,0.0,31,20,145.0,7.25,1,1,0,1,0,0,21.0,40.5,43.5,30.5,0.0,61,0,1.3125
340,ALEX COLLINS,SEA,RB,26,3,1,0.0,0,0.0,0,0,18,77.0,4.28,2.0,2,1,4.0,4.0,0,0,0,2,0,0,20.0,21.1,21.1,20.6,0.0,95,0,6.666666666666667
341,DARE OGUNBOWALE,JAX,RB,26,14,2,0.0,0,0.0,0,0,32,145.0,4.53,0.0,20,10,54.0,5.4,0,0,0,0,0,0,20.0,29.9,32.9,24.9,0.0,96,0,1.4285714285714286
342,KENNY STILLS,HOU,WR,28,10,0,0.0,0,0.0,0,0,0,0.0,0.0,0.0,19,11,144.0,13.09,1,0,0,1,0,0,20.0,31.4,34.4,25.9,0.0,136,0,2.0
343,ANTONIO WILLIAMS,BUF,RB,23,1,0,0.0,0,0.0,0,0,12,63.0,5.25,2.0,1,1,20.0,20.0,0,0,0,2,0,0,20.0,21.3,21.3,20.8,0.0,94,0,20.0
344,RYAN FINLEY,CIN,QB,26,5,1,17.0,32,164.0,1,2,11,66.0,6.0,1.0,0,0,0.0,0.0,0,0,0,1,0,0,19.0,19.2,21.2,21.2,0.0,49,0,3.8
345,JOHN HIGHTOWER,PHI,WR,24,13,4,0.0,0,0.0,0,0,1,1.0,1.0,0.0,29,10,167.0,16.7,0,0,0,0,1,0,19.0,28.8,31.8,23.8,0.0,138,0,1.4615384615384615
346,JASON WITTEN,LVR,TE,38,16,7,0.0,0,0.0,0,0,0,0.0,0.0,0.0,17,13,69.0,5.31,2,0,0,2,0,0,19.0,31.9,31.9,25.4,0.0,62,0,1.1875
347,ISAIAH WRIGHT,WAS,WR,23,14,6,0.0,1,0.0,0,0,3,16.0,5.33,0.0,35,27,197.0,7.3,0,3,1,0,0,0,19.0,46.3,50.3,32.8,0.0,137,0,1.3571428571428572
348,CAMERON BATSON,TEN,WR,25,12,1,0.0,0,0.0,0,0,4,20.0,5.0,0.0,13,12,100.0,8.33,1,1,0,1,0,0,18.0,30.0,33.0,24.0,0.0,141,0,1.5
349,C.J. HAM,MIN,RB,27,15,11,0.0,0,0.0,0,0,5,18.0,3.6,0.0,13,8,97.0,12.13,1,0,0,1,0,0,18.0,25.5,25.5,21.5,0.0,99,0,1.2
350,KHADAREL HODGE,CLE,WR,25,9,0,0.0,0,0.0,0,0,0,0.0,0.0,0.0,17,11,180.0,16.36,0,0,0,0,0,0,18.0,29.0,32.0,23.5,0.0,142,0,2.0
351,RYAN IZZO,NWE,TE,25,12,12,0.0,0,0.0,0,0,0,0.0,0.0,0.0,20,13,199.0,15.31,0,1,1,0,0,0,18.0,30.9,34.9,24.4,0.0,64,0,1.5
352,ALSHON JEFFERY,PHI,WR,30,7,2,0.0,0,0.0,0,0,0,0.0,0.0,0.0,13,6,115.0,19.17,1,0,0,1,0,0,18.0,23.5,26.5,20.5,0.0,144,0,2.5714285714285716
353,D'ERNEST JOHNSON,CLE,RB,24,16,0,0.0,0,0.0,0,0,33,166.0,5.03,0.0,4,3,14.0,4.67,0,1,0,0,0,0,18.0,21.0,24.0,19.5,0.0,98,0,1.125
354,COLT MCCOY,NYG,QB,34,4,2,40.0,66,375.0,1,1,9,12.0,1.33,0.0,0,0,0.0,0.0,0,1,1,0,0,1,18.0,18.2,23.2,19.2,0.0,51,0,4.5
355,ALBERT OKWUEGBUNAM,DEN,TE,22,4,0,0.0,0,0.0,0,0,0,0.0,0.0,0.0,15,11,121.0,11.0,1,0,0,1,0,0,18.0,29.1,32.1,23.6,0.0,63,0,4.5
356,BRANDON POWELL,ATL,WR,25,15,1,0.0,0,0.0,0,0,2,7.0,3.5,0.0,18,12,69.0,5.75,2,2,1,2,0,0,18.0,29.6,30.6,23.6,0.0,143,0,1.2
357,KALIF RAYMOND,TEN,WR,26,15,3,0.0,0,0.0,0,0,1,-3.0,-3.0,0.0,15,9,187.0,20.78,0,0,0,0,0,0,18.0,27.4,30.4,22.9,0.0,140,0,1.2
358,MASON RUDOLPH,PIT,QB,25,5,1,25.0,43,324.0,2,1,7,-6.0,-0.86,0.0,0,0,0.0,0.0,0,0,0,0,0,0,18.0,18.4,22.4,19.4,0.0,50,0,3.6
359,EQUANIMEOUS ST. BROWN,GNB,WR,24,12,1,0.0,0,0.0,0,0,1,7.0,7.0,0.0,13,7,117.0,16.71,1,0,0,1,0,0,18.0,25.4,28.4,21.9,0.0,139,0,1.5
360,KE'SHAWN VAUGHN,TAM,RB,23,10,0,0.0,0,0.0,0,0,26,109.0,4.19,0.0,10,5,34.0,6.8,1,1,1,1,0,0,18.0,23.3,27.3,20.8,0.0,97,0,1.8
361,JJ ARCEGA-WHITESIDE,PHI,WR,24,8,0,0.0,0,0.0,0,0,0,0.0,0.0,0.0,8,4,85.0,21.25,0,0,0,1,1,0,17.0,20.5,20.5,18.5,0.0,151,0,2.125
362,DEZ BRYANT,BAL,WR,32,6,0,0.0,0,0.0,0,0,0,0.0,0.0,0.0,11,6,47.0,7.83,2,0,0,2,0,0,17.0,22.7,22.7,19.7,0.0,148,0,2.8333333333333335
363,ALEC INGOLD,LVR,RB,24,16,4,0.0,0,0.0,0,0,3,4.0,1.33,0.0,17,12,110.0,9.17,1,0,0,1,0,0,17.0,29.4,32.4,23.4,0.0,100,0,1.0625
364,KEESEAN JOHNSON,ARI,WR,24,8,1,0.0,0,0.0,0,0,0,0.0,0.0,0.0,23,15,173.0,11.53,0,0,0,0,0,0,17.0,32.3,35.3,24.8,0.0,146,0,2.125
365,ANTHONY MCFARLAND JR.,PIT,RB,21,11,0,0.0,0,0.0,0,0,33,113.0,3.42,0.0,9,6,54.0,9.0,0,0,0,0,0,0,17.0,22.7,25.7,19.7,0.0,101,0,1.5454545454545454
366,JEFF SMITH,NYJ,WR,23,12,4,0.0,0,0.0,0,0,0,0.0,0.0,0.0,37,17,167.0,9.82,0,0,0,0,0,0,17.0,33.7,36.7,25.2,0.0,149,0,1.4166666666666667
367,JACE STERNBERGER,GNB,TE,24,12,0,0.0,0,0.0,0,0,0,0.0,0.0,0.0,15,12,114.0,9.5,1,0,0,1,0,0,17.0,29.4,32.4,23.4,0.0,65,0,1.4166666666666667
368,MIKE THOMAS,CIN,WR,26,14,0,0.0,0,0.0,0,0,1,1.0,1.0,0.0,21,13,132.0,10.15,1,1,1,1,0,0,17.0,30.3,34.3,23.8,0.0,145,0,1.2142857142857142
369,LAQUON TREADWELL,ATL,WR,25,5,0,0.0,0,0.0,0,0,0,0.0,0.0,0.0,7,6,49.0,8.17,2,0,0,2,0,0,17.0,22.9,22.9,19.9,0.0,147,0,3.4
370,QUEZ WATKINS,PHI,WR,22,6,0,0.0,0,0.0,0,0,0,0.0,0.0,0.0,13,7,106.0,15.14,1,0,0,1,0,0,17.0,23.6,26.6,20.1,0.0,150,0,2.8333333333333335
371,TRAYVEON WILLIAMS,CIN,RB,23,10,0,0.0,0,0.0,0,0,26,157.0,6.04,0.0,5,5,30.0,6.0,0,1,1,0,0,0,17.0,21.7,25.7,19.2,0.0,102,0,1.7
372,JAMAL AGNEW,DET,WR,25,14,2,0.0,1,0.0,0,0,6,33.0,5.5,0.0,20,13,89.0,6.85,0,2,1,1,0,0,16.0,29.2,30.2,22.7,0.0,152,0,1.1428571428571428
373,NOAH BROWN,DAL,WR,24,16,1,0.0,0,0.0,0,0,1,4.0,4.0,0.0,24,14,154.0,11.0,0,0,0,0,0,0,16.0,29.8,32.8,22.8,0.0,153,0,1.0
374,COREY CLEMENT,PHI,RB,26,15,0,0.0,0,0.0,0,0,21,75.0,3.57,1.0,6,5,25.0,5.0,0,0,0,1,0,0,16.0,21.0,21.0,18.5,0.0,104,0,1.0666666666666667
375,D'ONTA FOREMAN,TEN,RB,24,6,0,0.0,0,0.0,0,0,22,95.0,4.32,0.0,1,1,5.0,5.0,1,0,0,1,0,0,16.0,17.0,17.0,16.5,0.0,103,0,2.6666666666666665
376,MALCOLM PERRY,MIA,RB,23,9,2,0.0,0,0.0,0,0,3,5.0,1.67,0.0,13,9,92.0,10.22,1,1,0,1,0,0,16.0,24.7,24.7,20.2,0.0,105,0,1.7777777777777777
377,LEE SMITH,BUF,WR,33,10,2,0.0,0,0.0,0,0,0,0.0,0.0,0.0,6,4,35.0,8.75,2,0,0,2,0,0,16.0,19.5,19.5,17.5,0.0,154,0,1.6
378,NICK VANNETT,DEN,TE,27,15,11,0.0,0,0.0,0,0,0,0.0,0.0,0.0,21,14,95.0,6.79,1,0,0,1,0,0,16.0,29.5,29.5,22.5,0.0,67,0,1.0666666666666667
379,MAXX WILLIAMS,ARI,TE,26,9,8,0.0,0,0.0,0,0,0,0.0,0.0,0.0,10,8,102.0,12.75,1,0,0,1,0,0,16.0,24.2,27.2,20.2,0.0,66,0,1.7777777777777777
380,REGGIE BONNAFON,CAR,RB,24,2,0,0.0,0,0.0,0,0,12,69.0,5.75,0.0,2,2,18.0,9.0,1,0,0,1,0,0,15.0,16.7,16.7,15.7,0.0,109,0,7.5
381,DARRELL DANIELS,ARI,TE,26,12,8,0.0,0,0.0,0,0,0,0.0,0.0,0.0,11,8,92.0,11.5,1,0,0,1,0,0,15.0,23.2,23.2,19.2,0.0,68,0,1.25
382,TYLER ERVIN,GNB,RB,27,8,0,0.0,0,0.0,0,0,13,67.0,5.15,0.0,15,11,84.0,7.64,0,0,0,0,0,0,15.0,26.1,26.1,20.6,0.0,108,0,1.875
383,BLAINE GABBERT,TAM,QB,31,4,0,9.0,16,143.0,2,0,9,16.0,1.78,0.0,0,0,0.0,0.0,0,1,0,0,0,0,15.0,15.3,15.3,15.3,0.0,52,0,3.75
384,GARRETT GILBERT,DAL,QB,29,1,1,21.0,38,243.0,1,1,3,28.0,9.33,0.0,0,0,0.0,0.0,0,0,0,0,0,0,15.0,14.5,15.5,15.5,0.0,53,0,15.0
385,GABE NABERS,LAC,RB,23,16,5,0.0,0,0.0,0,0,2,7.0,3.5,0.0,7,5,25.0,5.0,2,0,0,2,0,0,15.0,20.2,20.2,17.7,0.0,106,0,0.9375
386,AUDEN TATE,CIN,WR,23,9,2,0.0,0,0.0,0,0,0,0.0,0.0,0.0,22,14,150.0,10.71,0,0,0,0,0,0,15.0,29.0,32.0,22.0,0.0,155,0,1.6666666666666667
387,C.J. UZOMAH,CIN,TE,27,2,2,0.0,0,0.0,0,0,0,0.0,0.0,0.0,11,8,87.0,10.88,1,0,0,1,0,0,15.0,22.7,22.7,18.7,0.0,69,0,7.5
388,T.J. YELDON,BUF,RB,27,3,0,0.0,0,0.0,0,0,10,70.0,7.0,0.0,4,1,22.0,22.0,1,1,0,1,0,0,15.0,16.2,16.2,15.7,0.0,107,0,5.0
389,CHRISTIAN BLAKE,ATL,WR,24,16,0,0.0,0,0.0,0,0,0,0.0,0.0,0.0,18,13,141.0,10.85,0,0,0,0,0,0,14.0,27.1,30.1,20.6,0.0,157,0,0.875
390,DARRYNTON EVANS,TEN,RB,22,5,0,0.0,0,0.0,0,0,14,54.0,3.86,0.0,4,2,27.0,13.5,1,0,0,1,0,0,14.0,16.1,16.1,15.1,0.0,110,0,2.8
391,TROY FUMAGALLI,DEN,TE,25,8,0,0.0,0,0.0,0,0,0,0.0,0.0,0.0,15,8,80.0,10.0,1,0,0,1,0,0,14.0,22.0,22.0,18.0,0.0,70,0,1.75
392,GEOFF SWAIM,TEN,WR,27,10,8,0.0,0,0.0,0,0,0,0.0,0.0,0.0,12,9,83.0,9.22,1,0,0,1,0,0,14.0,23.3,23.3,18.8,0.0,156,0,1.4
393,MALIK TAYLOR,GNB,WR,25,15,1,0.0,0,0.0,0,0,1,9.0,9.0,0.0,6,5,66.0,13.2,1,0,0,1,0,0,14.0,18.5,18.5,16.0,0.0,158,0,0.9333333333333333
394,MIKE BOONE,MIN,RB,25,16,0,0.0,0,0.0,0,0,11,59.0,5.36,1.0,2,2,10.0,5.0,0,0,0,1,0,0,13.0,14.9,14.9,13.9,0.0,112,0,0.8125
395,DE'MICHAEL HARRIS,IND,WR,22,7,0,0.0,0,0.0,0,0,6,46.0,7.67,0.0,10,10,79.0,7.9,0,0,0,0,0,0,13.0,22.5,22.5,17.5,0.0,159,0,1.8571428571428572
396,LESEAN MCCOY,TAM,RB,32,10,0,0.0,0,0.0,0,0,10,31.0,3.1,0.0,19,15,101.0,6.73,0,0,0,0,0,0,13.0,28.2,31.2,20.7,0.0,111,0,1.3
397,TY MONTGOMERY,NOR,RB,27,6,1,0.0,0,0.0,0,0,19,101.0,5.32,0.0,6,3,27.0,9.0,0,0,0,0,0,0,13.0,15.8,18.8,14.3,0.0,113,0,2.1666666666666665
398,RYAN NALL,CHI,RB,25,16,0,0.0,0,0.0,0,0,3,0.0,0.0,0.0,9,8,67.0,8.38,1,0,0,1,0,0,13.0,20.7,20.7,16.7,0.0,114,0,0.8125
399,JARRETT STIDHAM,NWE,QB,24,5,0,22.0,44,256.0,2,3,7,7.0,1.0,0.0,0,0,0.0,0.0,0,0,0,0,0,0,13.0,12.9,15.9,15.9,0.0,54,0,2.6
400,JOHN WOLFORD,LAR,QB,25,1,1,22.0,38,231.0,0,1,6,56.0,9.33,0.0,0,0,0.0,0.0,0,0,0,0,0,0,13.0,12.8,13.8,13.8,0.0,55,0,13.0
401,TARIK COHEN,CHI,RB,25,3,0,0.0,0,0.0,0,0,14,74.0,5.29,0.0,9,6,41.0,6.83,0,0,0,0,0,0,12.0,17.5,17.5,14.5,0.0,118,0,4.0
402,CHASE DANIEL,DET,QB,34,4,0,29.0,43,264.0,1,2,2,16.0,8.0,0.0,0,0,0.0,0.0,0,0,0,0,0,0,12.0,12.2,14.2,14.2,0.0,56,0,3.0
403,TAYLOR HEINICKE,WAS,QB,27,1,0,12.0,19,137.0,1,0,3,22.0,7.33,0.0,0,0,0.0,0.0,0,0,0,0,0,0,12.0,11.7,11.7,11.7,0.0,57,0,12.0
404,CHRIS HOGAN,NYJ,WR,33,5,4,0.0,0,0.0,0,0,0,0.0,0.0,0.0,26,14,118.0,8.43,0,0,0,0,0,0,12.0,25.8,28.8,18.8,0.0,161,0,2.4
405,PATRICK LAIRD,MIA,RB,25,16,0,0.0,0,0.0,0,0,13,72.0,5.54,0.0,12,10,68.0,6.8,0,1,1,0,0,0,12.0,22.0,23.0,17.0,0.0,116,0,0.75
406,RAY-RAY MCCLOUD,PIT,WR,24,16,2,0.0,0,0.0,0,0,4,65.0,16.25,0.0,22,20,77.0,3.85,0,2,1,0,0,0,12.0,32.2,33.2,22.2,0.0,160,0,0.75
407,DANTE PETTIS,2TM,WR,25,7,1,0.0,0,0.0,0,0,0,0.0,0.0,0.0,6,4,76.0,19.0,1,1,1,1,0,0,12.0,15.6,16.6,13.6,0.0,162,0,1.7142857142857142
408,TROYMAINE POPE,LAC,RB,27,6,0,0.0,0,0.0,0,0,15,76.0,5.07,0.0,10,8,42.0,5.25,0,0,0,0,0,0,12.0,19.8,19.8,15.8,0.0,117,0,2.0
409,DEANDRE WASHINGTON,2TM,RB,27,4,1,0.0,0,0.0,0,0,31,91.0,2.94,0.0,10,5,30.0,6.0,0,0,0,0,0,0,12.0,17.1,17.1,14.6,0.0,115,0,3.0
410,STEPHEN ANDERSON,LAC,TE,27,16,3,0.0,0,0.0,0,0,0,0.0,0.0,0.0,11,8,106.0,13.25,0,0,0,0,0,0,11.0,18.6,21.6,14.6,0.0,75,0,0.6875
411,BLAKE BELL,DAL,TE,29,16,2,0.0,0,0.0,0,0,1,2.0,2.0,0.0,15,11,110.0,10.0,0,0,0,0,0,0,11.0,22.2,25.2,16.7,0.0,71,0,0.6875
412,ALEX ERICKSON,CIN,WR,28,16,2,0.0,1,0.0,0,0,5,7.0,1.4,0.0,17,12,139.0,11.58,0,2,2,0,0,0,11.0,22.6,27.6,16.6,0.0,165,0,0.6875
413,VIRGIL GREEN,LAC,TE,32,6,3,0.0,0,0.0,0,0,0,0.0,0.0,0.0,6,3,50.0,16.67,1,0,0,1,0,0,11.0,14.0,14.0,12.5,0.0,73,0,1.8333333333333333
414,JOSH HILL,NOR,TE,30,14,7,0.0,0,0.0,0,0,0,0.0,0.0,0.0,10,8,46.0,5.75,1,1,0,1,0,0,11.0,18.6,18.6,14.6,0.0,74,0,0.7857142857142857
415,LIL'JORDAN HUMPHREY,NOR,WR,22,3,1,0.0,0,0.0,0,0,0,0.0,0.0,0.0,5,3,46.0,15.33,1,0,0,1,0,0,11.0,13.6,13.6,12.1,0.0,164,0,3.6666666666666665
416,BRETT RYPIEN,DEN,QB,24,3,1,27.0,40,295.0,2,4,5,-5.0,-1.0,0.0,0,0,0.0,0.0,0,1,0,0,0,0,11.0,11.3,15.3,15.3,0.0,58,0,3.6666666666666665
417,KADEN SMITH,NYG,TE,23,15,12,0.0,0,0.0,0,0,0,0.0,0.0,0.0,21,18,112.0,6.22,0,1,0,0,0,0,11.0,29.2,32.2,20.2,0.0,72,0,0.7333333333333333
418,DIONTAE SPENCER,DEN,WR,28,11,0,0.0,0,0.0,0,0,3,19.0,6.33,0.0,6,3,26.0,8.67,0,2,0,1,0,0,11.0,13.5,13.5,12.0,0.0,166,0,1.0
419,J.J. TAYLOR,NWE,RB,22,6,0,0.0,0,0.0,0,0,23,110.0,4.78,0.0,2,1,4.0,4.0,0,0,0,0,0,0,11.0,12.4,15.4,11.9,0.0,119,0,1.8333333333333333
420,JAVON WIMS,CHI,WR,26,13,1,0.0,0,0.0,0,0,1,2.0,2.0,0.0,12,6,48.0,8.0,1,0,0,1,0,0,11.0,17.0,17.0,14.0,0.0,163,0,0.8461538461538461
421,DEVIN ASIASI,NWE,TE,23,9,3,0.0,0,0.0,0,0,0,0.0,0.0,0.0,7,2,39.0,19.5,1,0,0,1,0,0,10.0,11.9,11.9,10.9,0.0,76,0,1.1111111111111112
422,C.J. BOARD,NYG,WR,27,14,4,0.0,0,0.0,0,0,1,3.0,3.0,0.0,16,11,101.0,9.18,0,0,0,0,0,0,10.0,21.4,24.4,15.9,0.0,167,0,0.7142857142857143
423,JAKOB JOHNSON,NWE,RB,26,16,11,0.0,0,0.0,0,0,0,0.0,0.0,0.0,9,8,35.0,4.38,1,1,0,1,0,0,10.0,17.5,17.5,13.5,0.0,120,0,0.625
424,VANCE MCDONALD,PIT,TE,30,14,12,0.0,0,0.0,0,0,0,0.0,0.0,0.0,20,15,99.0,6.6,0,0,0,0,0,0,10.0,24.9,24.9,17.4,0.0,77,0,0.7142857142857143
425,BRANDON ZYLSTRA,CAR,WR,27,16,2,0.0,0,0.0,0,0,1,1.0,1.0,0.0,4,3,35.0,11.67,0,0,0,1,0,0,10.0,12.6,12.6,11.1,0.0,168,0,0.625
426,MATT BARKLEY,BUF,QB,30,5,0,11.0,21,197.0,1,1,6,-6.0,-1.0,0.0,0,0,0.0,0.0,0,0,0,0,0,0,9.0,9.3,10.3,10.3,0.0,60,0,1.8
427,SAQUON BARKLEY,NYG,RB,23,2,2,0.0,0,0.0,0,0,19,34.0,1.79,0.0,9,6,60.0,10.0,0,0,0,0,0,0,9.0,15.4,15.4,12.4,0.0,122,0,4.5
428,PARRIS CAMPBELL,IND,WR,23,2,2,0.0,0,0.0,0,0,2,16.0,8.0,0.0,9,6,71.0,11.83,0,0,0,0,0,0,9.0,14.7,14.7,11.7,0.0,173,0,4.5
429,AUSTIN CARR,NOR,WR,27,6,0,0.0,0,0.0,0,0,0,0.0,0.0,0.0,4,3,27.0,9.0,1,0,0,1,0,0,9.0,11.7,11.7,10.2,0.0,172,0,1.5
430,TEVIN COLEMAN,SFO,RB,27,8,1,0.0,0,0.0,0,0,28,53.0,1.89,0.0,5,4,34.0,8.5,0,0,0,0,0,0,9.0,12.7,12.7,10.7,0.0,123,0,1.125
431,DOMINIQUE DAFNEY,GNB,TE,23,5,2,0.0,0,0.0,0,0,0,0.0,0.0,0.0,2,2,26.0,13.0,1,0,0,1,0,0,9.0,10.6,10.6,9.6,0.0,78,0,1.8
432,RYAN GRIFFIN,NYJ,TE,30,15,6,0.0,0,0.0,0,0,0,0.0,0.0,0.0,12,9,86.0,9.56,0,0,0,0,0,0,9.0,17.6,17.6,13.1,0.0,79,0,0.6
433,AUSTIN MACK,NYG,WR,23,11,1,0.0,0,0.0,0,0,0,0.0,0.0,0.0,11,7,91.0,13.0,0,0,0,0,0,0,9.0,16.1,16.1,12.6,0.0,170,0,0.8181818181818182
434,TRACE MCSORLEY,BAL,QB,25,2,0,3.0,10,90.0,1,0,5,17.0,3.4,0.0,0,0,0.0,0.0,0,0,0,0,0,0,9.0,9.3,9.3,9.3,0.0,59,0,4.5
435,ARTAVIS PIERCE,CHI,RB,24,5,0,0.0,0,0.0,0,0,6,34.0,5.67,1.0,0,0,0.0,0.0,0,0,0,1,0,0,9.0,9.4,9.4,9.4,0.0,121,0,1.8
436,JOE REED,LAC,WR,22,11,0,0.0,0,0.0,0,0,5,29.0,5.8,1.0,1,0,0.0,0.0,0,0,0,1,0,0,9.0,8.9,8.9,8.9,0.0,171,0,0.8181818181818182
437,TRENT TAYLOR,SFO,WR,26,12,1,0.0,0,0.0,0,0,0,0.0,0.0,0.0,21,10,86.0,8.6,0,0,0,0,0,0,9.0,18.6,18.6,13.6,0.0,174,0,0.75
438,TYROD TAYLOR,LAC,QB,31,2,1,16.0,30,208.0,0,0,6,7.0,1.17,0.0,0,0,0.0,0.0,0,0,0,0,0,0,9.0,9.0,9.0,9.0,0.0,61,0,4.5
439,PHILLIP WALKER,CAR,QB,25,4,1,32.0,56,368.0,1,5,5,-2.0,-0.4,0.0,1,0,0.0,0.0,0,1,0,0,0,0,9.0,8.5,16.5,13.5,0.0,62,0,2.25
440,JUSTIN WATSON,TAM,WR,24,11,2,0.0,0,0.0,0,0,0,0.0,0.0,0.0,11,7,94.0,13.43,0,0,0,0,0,0,9.0,16.4,16.4,12.9,0.0,169,0,0.8181818181818182
441,REGGIE GILLIAM,BUF,TE,23,14,0,0.0,0,0.0,0,0,0,0.0,0.0,0.0,2,2,16.0,8.0,1,0,0,1,0,0,8.0,9.6,9.6,8.6,0.0,80,0,0.5714285714285714
442,JUSTICE HILL,BAL,RB,23,12,0,0.0,0,0.0,0,0,12,60.0,5.0,0.0,5,5,20.0,4.0,0,0,0,0,0,0,8.0,13.0,13.0,10.5,0.0,125,0,0.6666666666666666
443,JAKE KUMEROW,BUF,WR,28,6,0,0.0,0,0.0,0,0,0,0.0,0.0,0.0,1,1,22.0,22.0,1,0,0,1,0,0,8.0,9.2,9.2,8.7,0.0,175,0,1.3333333333333333
444,C.J. PROSISE,HOU,RB,26,10,0,0.0,0,0.0,0,0,10,19.0,1.9,0.0,5,5,18.0,3.6,1,1,1,1,0,0,8.0,12.7,13.7,10.2,0.0,126,0,0.8
445,PATRICK RICARD,BAL,RB,26,15,10,0.0,0,0.0,0,0,1,-1.0,-1.0,0.0,12,9,45.0,5.0,1,1,1,1,0,0,8.0,17.4,18.4,12.9,0.0,124,0,0.5333333333333333
446,CHRIS STREVELER,ARI,QB,25,5,0,11.0,16,105.0,1,1,4,15.0,3.75,0.0,0,0,0.0,0.0,0,1,0,0,0,0,8.0,7.7,8.7,8.7,0.0,63,0,1.6
447,PHAROH COOPER,CAR,WR,25,16,1,0.0,0,0.0,0,0,0,0.0,0.0,0.0,8,5,73.0,14.6,0,1,0,0,0,0,7.0,12.3,12.3,9.8,0.0,176,0,0.4375
448,BEN DINUCCI,DAL,QB,24,3,1,23.0,43,219.0,0,0,6,22.0,3.67,0.0,0,0,0.0,0.0,0,4,2,0,0,0,7.0,7.0,9.0,7.0,0.0,64,0,2.3333333333333335
449,BUDDY HOWELL,HOU,RB,24,14,0,0.0,0,0.0,0,0,16,64.0,4.0,0.0,2,1,3.0,3.0,0,0,0,0,0,0,7.0,7.7,7.7,7.2,0.0,130,0,0.5
450,JAYLEN SAMUELS,PIT,RB,24,14,1,0.0,0,0.0,0,0,9,28.0,3.11,0.0,14,9,46.0,5.11,0,0,0,0,0,0,7.0,16.4,16.4,11.9,0.0,127,0,0.5
451,ANTHONY SHERMAN,KAN,RB,32,13,1,0.0,0,0.0,0,0,3,8.0,2.67,0.0,2,1,5.0,5.0,1,0,0,1,0,0,7.0,8.3,8.3,7.8,0.0,128,0,0.5384615384615384
452,KEITH SMITH,ATL,RB,28,16,7,0.0,0,0.0,0,0,4,7.0,1.75,0.0,15,11,59.0,5.36,0,0,0,0,0,0,7.0,17.6,17.6,12.1,0.0,131,0,0.4375
453,COURTLAND SUTTON,DEN,WR,25,1,1,0.0,0,0.0,0,0,0,0.0,0.0,0.0,6,3,66.0,22.0,0,0,0,0,0,0,7.0,9.6,9.6,8.1,0.0,177,0,7.0
454,COLIN THOMPSON,CAR,TE,27,15,4,0.0,0,0.0,0,0,0,0.0,0.0,0.0,2,1,7.0,7.0,1,0,0,1,0,0,7.0,7.7,7.7,7.2,0.0,81,0,0.4666666666666667
455,JONATHAN WARD,ARI,RB,23,14,0,0.0,0,0.0,0,0,0,0.0,0.0,0.0,1,1,11.0,11.0,1,0,0,1,0,0,7.0,8.1,8.1,7.6,0.0,129,0,0.5
456,JA'MARCUS BRADLEY,CLE,WR,24,3,1,0.0,0,0.0,0,0,0,0.0,0.0,0.0,11,5,60.0,12.0,0,0,0,0,0,0,6.0,11.0,11.0,8.5,0.0,181,0,2.0
457,TYRIE CLEVELAND,DEN,WR,23,10,0,0.0,0,0.0,0,0,0,0.0,0.0,0.0,9,6,63.0,10.5,0,0,0,0,0,0,6.0,12.3,12.3,9.3,0.0,179,0,0.6
458,JASON CROOM,PHI,TE,26,4,0,0.0,0,0.0,0,0,0,0.0,0.0,0.0,1,1,3.0,3.0,1,0,0,1,0,0,6.0,7.3,7.3,6.8,0.0,83,0,1.5
459,ASHTON DULIN,IND,WR,23,13,0,0.0,0,0.0,0,0,2,11.0,5.5,0.0,6,3,53.0,17.67,0,1,0,0,0,0,6.0,9.4,9.4,7.9,0.0,178,0,0.46153846153846156
460,MARLON MACK,IND,RB,24,1,1,0.0,0,0.0,0,0,4,26.0,6.5,0.0,3,3,30.0,10.0,0,0,0,0,0,0,6.0,8.6,8.6,7.1,0.0,133,0,6.0
461,JAYDON MICKENS,TAM,WR,26,10,0,0.0,0,0.0,0,0,0,0.0,0.0,0.0,10,7,58.0,8.29,0,0,0,0,0,0,6.0,12.8,12.8,9.3,0.0,183,0,0.6
462,STEVEN MITCHELL,HOU,WR,26,6,1,0.0,0,0.0,0,0,0,0.0,0.0,0.0,8,5,60.0,12.0,0,0,0,0,0,0,6.0,11.0,11.0,8.5,0.0,182,0,1.0
463,DAMION RATLEY,NYG,WR,25,5,0,0.0,0,0.0,0,0,0,0.0,0.0,0.0,10,4,63.0,15.75,0,1,0,0,0,0,6.0,10.3,10.3,8.3,0.0,180,0,1.2
464,THEO RIDDICK,LVR,RB,29,4,0,0.0,0,0.0,0,0,6,14.0,2.33,0.0,6,5,43.0,8.6,0,0,0,0,0,0,6.0,10.7,10.7,8.2,0.0,132,0,1.5
465,LUKE STOCKER,ATL,TE,32,16,13,0.0,0,0.0,0,0,0,0.0,0.0,0.0,11,7,63.0,9.0,0,0,0,0,0,0,6.0,13.3,13.3,9.8,0.0,84,0,0.375
466,JORDAN THOMAS,2TM,TE,24,6,0,0.0,0,0.0,0,0,0,0.0,0.0,0.0,2,1,3.0,3.0,1,0,0,1,0,0,6.0,7.3,7.3,6.8,0.0,82,0,1.0
467,MICHAEL BURTON,NOR,RB,28,15,4,0.0,0,0.0,0,0,7,18.0,2.57,0.0,4,4,28.0,7.0,0,0,0,0,0,0,5.0,8.6,8.6,6.6,0.0,136,0,0.3333333333333333
468,TRENTON CANNON,CAR,RB,26,14,0,0.0,0,0.0,0,0,10,33.0,3.3,0.0,3,3,16.0,5.33,0,0,0,0,0,0,5.0,7.9,7.9,6.4,0.0,135,0,0.35714285714285715
469,CETHAN CARTER,CIN,TE,25,15,5,0.0,0,0.0,0,0,0,0.0,0.0,0.0,7,5,53.0,10.6,0,0,0,0,0,0,5.0,10.3,10.3,7.8,0.0,86,0,0.3333333333333333
470,DEMETRIUS HARRIS,CHI,TE,29,15,5,0.0,0,0.0,0,0,0,0.0,0.0,0.0,14,7,45.0,6.43,0,0,0,0,0,0,5.0,11.5,11.5,8.0,0.0,89,0,0.3333333333333333
471,DONTRELL HILLIARD,2TM,RB,25,7,0,0.0,0,0.0,0,0,9,48.0,5.33,0.0,1,1,2.0,2.0,0,0,0,0,0,0,5.0,6.0,6.0,5.5,0.0,134,0,0.7142857142857143
472,K.J. HILL,LAC,WR,23,15,0,0.0,0,0.0,0,0,0,0.0,0.0,0.0,11,7,73.0,10.43,0,1,1,0,0,0,5.0,12.3,13.3,8.8,0.0,184,0,0.3333333333333333
473,CHRIS MANHERTZ,CAR,TE,28,16,12,0.0,0,0.0,0,0,0,0.0,0.0,0.0,8,6,52.0,8.67,0,0,0,0,0,0,5.0,11.2,11.2,8.2,0.0,87,0,0.3125
474,JOHNNY MUNDT,LAR,TE,26,16,1,0.0,0,0.0,0,0,0,0.0,0.0,0.0,4,4,53.0,13.25,0,0,0,0,0,0,5.0,9.3,9.3,7.3,0.0,85,0,0.3125
475,TRENT SHERFIELD,ARI,WR,24,15,1,0.0,0,0.0,0,0,0,0.0,0.0,0.0,7,5,50.0,10.0,0,0,0,0,0,0,5.0,10.0,10.0,7.5,0.0,187,0,0.3333333333333333
476,LEVINE TOILOLO,NYG,TE,29,16,2,0.0,0,0.0,0,0,0,0.0,0.0,0.0,6,5,46.0,9.2,0,0,0,0,0,0,5.0,9.6,9.6,7.1,0.0,88,0,0.3125
477,NICK WESTBROOK-IKHINE,TEN,WR,23,14,1,0.0,0,0.0,0,0,0,0.0,0.0,0.0,8,3,33.0,11.0,0,0,0,0,1,0,5.0,8.3,8.3,6.8,0.0,185,0,0.35714285714285715
478,ISAIAH ZUBER,NWE,WR,23,4,0,0.0,0,0.0,0,0,2,21.0,10.5,0.0,2,2,29.0,14.5,0,0,0,0,0,0,5.0,7.0,7.0,6.0,0.0,186,0,1.25
479,KHARI BLASINGAME,TEN,RB,24,15,7,0.0,0,0.0,0,0,0,0.0,0.0,0.0,5,4,39.0,9.75,0,0,0,0,0,0,4.0,7.9,7.9,5.9,0.0,138,0,0.26666666666666666
480,HUNTER BRYANT,DET,TE,22,5,0,0.0,0,0.0,0,0,0,0.0,0.0,0.0,3,1,44.0,44.0,0,0,0,0,0,0,4.0,5.4,5.4,4.9,0.0,90,0,0.8
481,LAWRENCE CAGER,NYJ,WR,23,2,1,0.0,0,0.0,0,0,0,0.0,0.0,0.0,6,2,35.0,17.5,0,0,0,0,0,0,4.0,5.5,5.5,4.5,0.0,194,0,2.0
482,RIVER CRACRAFT,SFO,WR,26,9,1,0.0,0,0.0,0,0,0,0.0,0.0,0.0,9,6,41.0,6.83,0,0,0,0,0,0,4.0,10.1,10.1,7.1,0.0,188,0,0.4444444444444444
483,ROBERT FOSTER,WAS,WR,26,4,2,0.0,0,0.0,0,0,0,0.0,0.0,0.0,6,2,37.0,18.5,0,0,0,0,0,0,4.0,5.7,5.7,4.7,0.0,192,0,1.0
484,TED GINN JR.,CHI,WR,35,6,0,0.0,0,0.0,0,0,0,0.0,0.0,0.0,6,3,40.0,13.33,0,1,0,0,0,0,4.0,7.0,7.0,5.5,0.0,189,0,0.6666666666666666
485,TERRY GODWIN,JAX,WR,24,3,0,0.0,0,0.0,0,0,1,3.0,3.0,0.0,6,3,32.0,10.67,0,0,0,0,0,0,4.0,6.5,6.5,5.0,0.0,193,0,1.3333333333333333
486,TANNER HUDSON,TAM,TE,26,11,0,0.0,0,0.0,0,0,0,0.0,0.0,0.0,7,3,41.0,13.67,0,0,0,0,0,0,4.0,7.1,7.1,5.6,0.0,92,0,0.36363636363636365
487,JUWAN JOHNSON,NOR,WR,24,7,4,0.0,0,0.0,0,0,0,0.0,0.0,0.0,10,4,39.0,9.75,0,0,0,0,0,0,4.0,7.9,7.9,5.9,0.0,190,0,0.5714285714285714
488,NICK KEIZER,KAN,TE,25,16,3,0.0,0,0.0,0,0,0,0.0,0.0,0.0,9,6,63.0,10.5,0,1,1,0,0,0,4.0,10.3,11.3,7.3,0.0,91,0,0.25
489,DEVINE OZIGBO,JAX,RB,24,8,0,0.0,0,0.0,0,0,1,1.0,1.0,0.0,9,9,42.0,4.67,0,0,0,0,0,0,4.0,13.3,13.3,8.8,0.0,137,0,0.5
490,ELIJHAA PENNY,NYG,RB,27,14,0,0.0,0,0.0,0,0,6,15.0,2.5,0.0,3,2,20.0,10.0,0,0,0,0,0,0,4.0,5.5,5.5,4.5,0.0,139,0,0.2857142857142857
491,RILEY RIDLEY,CHI,WR,24,5,1,0.0,0,0.0,0,0,0,0.0,0.0,0.0,4,4,39.0,9.75,0,0,0,0,0,0,4.0,7.9,7.9,5.9,0.0,191,0,0.8
492,KAHALE WARRING,HOU,TE,23,7,0,0.0,0,0.0,0,0,0,0.0,0.0,0.0,7,3,35.0,11.67,0,0,0,0,0,0,4.0,6.5,6.5,5.0,0.0,95,0,0.5714285714285714
493,CHARLIE WOERNER,SFO,TE,23,14,0,0.0,0,0.0,0,0,0,0.0,0.0,0.0,4,3,36.0,12.0,0,0,0,0,0,0,4.0,6.6,6.6,5.1,0.0,93,0,0.2857142857142857
494,DEON YELDER,KAN,TE,25,14,1,0.0,0,0.0,0,0,0,0.0,0.0,0.0,11,7,36.0,5.14,0,0,0,0,0,0,4.0,10.6,10.6,7.1,0.0,94,0,0.2857142857142857
495,ALEX ARMAH,CAR,RB,26,16,1,0.0,0,0.0,0,0,6,9.0,1.5,0.0,9,5,18.0,3.6,0,0,0,0,0,0,3.0,7.7,7.7,5.2,0.0,143,0,0.1875
496,DANIEL BROWN,NYJ,WR,28,16,1,0.0,0,0.0,0,0,0,0.0,0.0,0.0,2,2,31.0,15.5,0,0,0,0,0,0,3.0,5.1,5.1,4.1,0.0,195,0,0.1875
497,STEPHEN CARLSON,CLE,TE,24,16,2,0.0,0,0.0,0,0,0,0.0,0.0,0.0,2,1,11.0,11.0,0,0,0,0,1,0,3.0,4.1,4.1,3.6,0.0,96,0,0.1875
498,BEN ELLEFSON,JAX,TE,24,7,4,0.0,0,0.0,0,0,0,0.0,0.0,0.0,4,1,10.0,10.0,0,0,0,0,1,0,3.0,4.0,4.0,3.5,0.0,97,0,0.42857142857142855
499,ANTONIO GANDY-GOLDEN,WAS,WR,22,6,2,0.0,0,0.0,0,0,1,22.0,22.0,0.0,7,1,3.0,3.0,0,0,0,0,0,0,3.0,3.5,3.5,3.0,0.0,199,0,0.5
500,JAEDEN GRAHAM,ATL,TE,25,16,0,0.0,0,0.0,0,0,0,0.0,0.0,0.0,5,3,25.0,8.33,0,0,0,0,0,0,3.0,5.5,5.5,4.0,0.0,98,0,0.1875
501,ROBERT GRIFFIN III,BAL,QB,30,4,1,8.0,14,42.0,0,2,12,69.0,5.75,0.0,0,0,0.0,0.0,0,1,1,0,0,0,3.0,2.6,5.6,4.6,0.0,66,0,0.75
502,TYLER HUNTLEY,BAL,QB,22,2,0,3.0,5,15.0,0,0,10,23.0,2.3,0.0,0,0,0.0,0.0,0,0,0,0,0,0,3.0,2.9,2.9,2.9,0.0,65,0,1.5
503,JOSH MALONE,NYJ,WR,24,4,0,0.0,0,0.0,0,0,1,12.0,12.0,0.0,6,4,16.0,4.0,0,0,0,0,0,0,3.0,6.8,6.8,4.8,0.0,197,0,0.75
504,RASHAAD PENNY,SEA,RB,24,3,0,0.0,0,0.0,0,0,11,34.0,3.09,0.0,0,0,0.0,0.0,0,0,0,0,0,0,3.0,3.4,3.4,3.4,0.0,140,0,1.0
505,SETH ROBERTS,CAR,WR,29,7,1,0.0,0,0.0,0,0,0,0.0,0.0,0.0,6,4,31.0,7.75,0,0,0,0,0,0,3.0,7.1,7.1,5.1,0.0,196,0,0.42857142857142855
506,BO SCARBROUGH,SEA,RB,26,1,0,0.0,0,0.0,0,0,6,31.0,5.17,0.0,0,0,0.0,0.0,0,0,0,0,0,0,3.0,3.1,3.1,3.1,0.0,141,0,3.0
507,DARRIUS SHEPHERD,GNB,WR,25,8,0,0.0,0,0.0,0,0,0,0.0,0.0,0.0,8,5,46.0,9.2,0,1,1,0,0,0,3.0,7.6,8.6,5.1,0.0,198,0,0.375
508,AUSTIN WALTER,SFO,RB,24,4,0,0.0,0,0.0,0,0,1,3.0,3.0,0.0,1,1,27.0,27.0,0,0,0,0,0,0,3.0,4.0,4.0,3.5,0.0,142,0,0.75
509,LEVANTE BELLAMY,DEN,RB,24,5,0,0.0,0,0.0,0,0,4,11.0,2.75,0.0,1,1,5.0,5.0,0,0,0,0,0,0,2.0,2.6,2.6,2.1,0.0,148,0,0.4
510,DAVID BLOUGH,DET,QB,25,1,0,6.0,10,49.0,0,1,1,18.0,18.0,0.0,0,0,0.0,0.0,0,0,0,0,0,0,2.0,1.8,2.8,2.8,0.0,73,0,2.0
511,DEONTAY BURNETT,PHI,WR,23,2,0,0.0,0,0.0,0,0,0,0.0,0.0,0.0,4,3,19.0,6.33,0,0,0,0,0,0,2.0,4.9,4.9,3.4,0.0,203,0,1.0
512,ANTONIO CALLAWAY,MIA,WR,23,5,1,0.0,0,0.0,0,0,0,0.0,0.0,0.0,4,2,20.0,10.0,0,0,0,0,0,0,2.0,4.0,4.0,3.0,0.0,202,0,0.4
513,JOSHUA DOBBS,PIT,QB,25,1,0,4.0,5,2.0,0,0,2,20.0,10.0,0.0,0,0,0.0,0.0,0,0,0,0,0,0,2.0,2.1,2.1,2.1,0.0,69,0,2.0
514,RICO DOWDLE,DAL,RB,22,15,0,0.0,0,0.0,0,0,7,24.0,3.43,0.0,0,0,0.0,0.0,0,0,0,0,0,0,2.0,2.4,2.4,2.4,0.0,144,0,0.13333333333333333
515,DAURICE FOUNTAIN,IND,WR,25,5,0,0.0,0,0.0,0,0,0,0.0,0.0,0.0,3,2,23.0,11.5,0,0,0,0,0,0,2.0,4.3,4.3,3.3,0.0,200,0,0.4
516,PENNY HART,SEA,WR,24,13,0,0.0,0,0.0,0,0,1,19.0,19.0,0.0,1,1,3.0,3.0,0,0,0,0,0,0,2.0,3.2,3.2,2.7,0.0,201,0,0.15384615384615385
517,BRIAN HOYER,NWE,QB,35,1,1,15.0,24,130.0,0,1,1,8.0,8.0,0.0,0,0,0.0,0.0,0,1,1,0,0,0,2.0,2.0,4.0,3.0,0.0,70,0,2.0
518,JASON HUNTLEY,PHI,RB,22,5,0,0.0,0,0.0,0,0,5,19.0,3.8,0.0,2,1,0.0,0.0,0,0,0,0,0,0,2.0,2.9,2.9,2.4,0.0,145,0,0.4
519,ANDY JANOVICH,CLE,RB,27,14,3,0.0,0,0.0,0,0,2,4.0,2.0,0.0,5,2,13.0,6.5,0,0,0,0,0,0,2.0,3.7,3.7,2.7,0.0,146,0,0.14285714285714285
520,CASE KEENUM,CLE,QB,32,2,0,5.0,10,46.0,0,0,0,0.0,0.0,0.0,0,0,0.0,0.0,0,0,0,0,0,0,2.0,1.8,1.8,1.8,0.0,72,0,1.0
521,DALTON KEENE,NWE,TE,21,6,0,0.0,0,0.0,0,0,0,0.0,0.0,0.0,5,3,16.0,5.33,0,1,0,0,0,0,2.0,4.6,4.6,3.1,0.0,101,0,0.3333333333333333
522,TOMMYLEE LEWIS,NOR,WR,28,5,0,0.0,0,0.0,0,0,2,14.0,7.0,0.0,3,1,5.0,5.0,0,0,0,0,0,0,2.0,2.9,2.9,2.4,0.0,204,0,0.4
523,DONTE MONCRIEF,NWE,WR,27,6,0,0.0,0,0.0,0,0,1,4.0,4.0,0.0,2,1,15.0,15.0,0,0,0,0,0,0,2.0,2.9,2.9,2.4,0.0,205,0,0.3333333333333333
524,COLBY PARKINSON,SEA,TE,21,6,0,0.0,0,0.0,0,0,0,0.0,0.0,0.0,2,2,16.0,8.0,0,0,0,0,0,0,2.0,3.6,3.6,2.6,0.0,99,0,0.3333333333333333
525,NATHAN PETERMAN,LVR,QB,26,1,0,3.0,5,25.0,0,0,1,9.0,9.0,0.0,0,0,0.0,0.0,0,0,0,0,0,0,2.0,1.9,1.9,1.9,0.0,71,0,2.0
526,SCOTTIE PHILLIPS,HOU,RB,23,8,0,0.0,0,0.0,0,0,2,9.0,4.5,0.0,1,1,7.0,7.0,0,0,0,0,0,0,2.0,2.6,2.6,2.1,0.0,147,0,0.25
527,JOHN ROSS,CIN,WR,25,3,1,0.0,0,0.0,0,0,0,0.0,0.0,0.0,7,2,17.0,8.5,0,0,0,0,0,0,2.0,3.7,3.7,2.7,0.0,206,0,0.6666666666666666
528,ERIC SAUBERT,JAX,TE,26,8,4,0.0,0,0.0,0,0,0,0.0,0.0,0.0,4,3,16.0,5.33,0,0,0,0,0,0,2.0,4.6,4.6,3.1,0.0,100,0,0.25
529,JALEEL SCOTT,NYJ,WR,25,1,1,0.0,0,0.0,0,0,0,0.0,0.0,0.0,1,1,16.0,16.0,0,0,0,0,0,0,2.0,2.6,2.6,2.1,0.0,207,0,2.0
530,TOMMY STEVENS,CAR,QB,24,1,0,0.0,0,0.0,0,0,4,24.0,6.0,0.0,0,0,0.0,0.0,0,0,0,0,0,0,2.0,2.4,2.4,2.4,0.0,67,0,2.0
531,DWAYNE WASHINGTON,NOR,RB,26,11,0,0.0,0,0.0,0,0,8,15.0,1.88,0.0,0,0,0.0,0.0,0,0,0,0,0,0,2.0,1.5,1.5,1.5,0.0,149,0,0.18181818181818182
532,JAMEIS WINSTON,NOR,QB,26,4,0,7.0,11,75.0,0,0,8,-6.0,-0.75,0.0,0,0,0.0,0.0,0,0,0,0,0,0,2.0,2.4,2.4,2.4,0.0,68,0,0.5
533,NICK BELLORE,SEA,RB,31,16,0,0.0,0,0.0,0,0,1,5.0,5.0,0.0,1,1,9.0,9.0,0,0,0,0,0,0,1.0,2.4,2.4,1.9,0.0,150,0,0.0625
534,TYLER BRAY,CHI,QB,29,1,0,1.0,5,18.0,0,0,0,0.0,0.0,0.0,0,0,0.0,0.0,0,0,0,0,0,0,1.0,0.7,0.7,0.7,0.0,77,0,1.0
535,JAKE BUTT,DEN,TE,25,5,1,0.0,0,0.0,0,0,0,0.0,0.0,0.0,4,2,5.0,2.5,0,0,0,0,0,0,1.0,2.5,2.5,1.5,0.0,111,0,0.2
536,DEREK CARRIER,LVR,TE,30,16,0,0.0,0,0.0,0,0,0,0.0,0.0,0.0,1,1,14.0,14.0,0,0,0,0,0,0,1.0,2.4,2.4,1.9,0.0,102,0,0.0625
537,CHANDLER COX,MIA,RB,24,8,3,0.0,0,0.0,0,0,0,0.0,0.0,0.0,2,2,9.0,4.5,0,0,0,0,0,0,1.0,2.9,2.9,1.9,0.0,152,0,0.125
538,JOSIAH DEGUARA,GNB,TE,23,2,1,0.0,0,0.0,0,0,0,0.0,0.0,0.0,2,1,12.0,12.0,0,0,0,0,0,0,1.0,2.2,2.2,1.7,0.0,104,0,0.5
539,GEHRIG DIETER,KAN,WR,27,4,0,0.0,0,0.0,0,0,0,0.0,0.0,0.0,2,1,10.0,10.0,0,0,0,0,0,0,1.0,2.0,2.0,1.5,0.0,214,0,0.25
540,BRANDON DILLON,MIN,TE,23,3,0,0.0,0,0.0,0,0,0,0.0,0.0,0.0,1,1,6.0,6.0,0,0,0,0,0,0,1.0,1.6,1.6,1.1,0.0,108,0,0.3333333333333333
541,D.J. FOSTER,ARI,RB,27,10,0,0.0,0,0.0,0,0,2,2.0,1.0,0.0,1,1,7.0,7.0,0,0,0,0,0,0,1.0,1.9,1.9,1.4,0.0,154,0,0.1
542,BENNIE FOWLER,NOR,WR,29,5,0,0.0,0,0.0,0,0,0,0.0,0.0,0.0,6,2,11.0,5.5,0,0,0,0,0,0,1.0,3.1,3.1,2.1,0.0,212,0,0.2
543,CULLEN GILLASPIA,HOU,RB,25,7,0,0.0,0,0.0,0,0,0,0.0,0.0,0.0,1,1,6.0,6.0,0,0,0,0,0,0,1.0,1.6,1.6,1.1,0.0,159,0,0.14285714285714285
544,TEMARRICK HEMINGWAY,WAS,TE,27,8,0,0.0,0,0.0,0,0,0,0.0,0.0,0.0,2,1,10.0,10.0,0,0,0,0,0,0,1.0,2.0,2.0,1.5,0.0,106,0,0.125
545,CODY HOLLISTER,TEN,WR,27,2,0,0.0,0,0.0,0,0,0,0.0,0.0,0.0,1,1,12.0,12.0,0,0,0,0,0,0,1.0,2.2,2.2,1.7,0.0,211,0,0.5
546,TRENTON IRWIN,CIN,WR,25,1,0,0.0,0,0.0,0,0,0,0.0,0.0,0.0,2,1,5.0,5.0,0,0,0,0,0,0,1.0,1.5,1.5,1.0,0.0,215,0,1.0
547,BLAKE JARWIN,DAL,TE,26,1,1,0.0,0,0.0,0,0,0,0.0,0.0,0.0,1,1,12.0,12.0,0,0,0,0,0,0,1.0,2.2,2.2,1.7,0.0,105,0,1.0
548,TONY JONES,NOR,RB,23,1,1,0.0,0,0.0,0,0,3,13.0,4.33,0.0,0,0,0.0,0.0,0,0,0,0,0,0,1.0,1.3,1.3,1.3,0.0,151,0,1.0
549,MARCUS KEMP,2TM,WR,25,11,0,0.0,0,0.0,0,0,0,0.0,0.0,0.0,1,1,11.0,11.0,0,0,0,0,0,0,1.0,2.1,2.1,1.6,0.0,213,0,0.09090909090909091
550,KEITH KIRKWOOD,CAR,WR,26,1,0,0.0,0,0.0,0,0,0,0.0,0.0,0.0,2,1,13.0,13.0,0,0,0,0,0,0,1.0,2.3,2.3,1.8,0.0,209,0,1.0
551,JOHN LOVETT,GNB,TE,24,8,0,0.0,0,0.0,0,0,3,6.0,2.0,0.0,0,0,0.0,0.0,0,0,0,0,0,0,1.0,0.6,0.6,0.6,0.0,109,0,0.125
552,A.J. MCCARRON,HOU,QB,30,2,0,1.0,1,20.0,0,0,0,0.0,0.0,0.0,0,0,0.0,0.0,0,0,0,0,0,0,1.0,0.8,0.8,0.8,0.0,76,0,0.5
553,LAMAR MILLER,CHI,RB,29,1,0,0.0,0,0.0,0,0,0,0.0,0.0,0.0,2,2,6.0,3.0,0,0,0,0,0,0,1.0,2.6,2.6,1.6,0.0,157,0,1.0
554,SENORISE PERRY,TEN,RB,29,7,0,0.0,0,0.0,0,0,2,9.0,4.5,0.0,0,0,0.0,0.0,0,0,0,0,0,0,1.0,0.9,0.9,0.9,0.0,153,0,0.14285714285714285
555,JAMES PROCHE,BAL,WR,24,14,0,0.0,0,0.0,0,0,0,0.0,0.0,0.0,3,1,14.0,14.0,0,0,0,0,0,0,1.0,2.4,2.4,1.9,0.0,208,0,0.07142857142857142
556,CRAIG REYNOLDS,JAX,RB,24,2,0,0.0,0,0.0,0,0,1,4.0,4.0,0.0,1,1,3.0,3.0,0,0,0,0,0,0,1.0,1.7,1.7,1.2,0.0,156,0,0.5
557,GENO SMITH,SEA,QB,30,1,0,4.0,5,33.0,0,0,2,-2.0,-1.0,0.0,0,0,0.0,0.0,0,1,0,0,0,0,1.0,1.1,1.1,1.1,0.0,75,0,1.0
558,VYNCINT SMITH,NYJ,WR,24,7,0,0.0,0,0.0,0,0,0,0.0,0.0,0.0,3,1,13.0,13.0,0,0,0,0,0,0,1.0,2.3,2.3,1.8,0.0,210,0,0.14285714285714285
559,JEREMY SPRINKLE,WAS,TE,26,16,6,0.0,0,0.0,0,0,0,0.0,0.0,0.0,3,1,6.0,6.0,0,0,0,0,0,0,1.0,1.6,1.6,1.1,0.0,107,0,0.0625
560,TREVON WESCO,NYJ,TE,25,12,4,0.0,0,0.0,0,0,1,0.0,0.0,0.0,2,1,5.0,5.0,0,0,0,0,0,0,1.0,1.5,1.5,1.0,0.0,110,0,0.08333333333333333
561,DEXTER WILLIAMS,GNB,RB,23,3,0,0.0,0,0.0,0,0,2,8.0,4.0,0.0,0,0,0.0,0.0,0,0,0,0,0,0,1.0,0.8,0.8,0.8,0.0,155,0,0.3333333333333333
562,JONATHAN WILLIAMS,DET,RB,26,5,0,0.0,0,0.0,0,0,1,5.0,5.0,0.0,4,4,21.0,5.25,0,1,1,0,0,0,1.0,4.6,5.6,2.6,0.0,158,0,0.2
563,LUKE WILLSON,2TM,TE,30,8,0,0.0,0,0.0,0,0,0,0.0,0.0,0.0,3,1,12.0,12.0,0,0,0,0,0,0,1.0,2.2,2.2,1.7,0.0,103,0,0.125
564,LOGAN WOODSIDE,TEN,QB,25,6,0,1.0,3,7.0,0,0,7,10.0,1.43,0.0,0,0,0.0,0.0,0,0,0,0,0,0,1.0,1.3,1.3,1.3,0.0,74,0,0.16666666666666666
565,ANTONY AUCLAIR,TAM,NA,27,8,2,0.0,0,0.0,0,0,0,0.0,0.0,0.0,1,0,0.0,0.0,0,0,0,0,0,0,0.0,0.0,0.0,0.0,0.0,126,0,0.0
566,TAVON AUSTIN,GNB,WR,30,4,0,0.0,0,0.0,0,0,0,0.0,0.0,0.0,5,5,20.0,4.0,0,1,1,0,0,0,0.0,5.0,6.0,2.5,0.0,222,0,0.0
567,JEFF BADET,WAS,NA,26,3,0,0.0,0,0.0,0,0,0,0.0,0.0,0.0,1,0,0.0,0.0,0,0,0,0,0,0,0.0,0.0,0.0,0.0,0.0,229,0,0.0
568,KENJON BARNER,TAM,NA,31,6,0,0.0,0,0.0,0,0,0,0.0,0.0,0.0,1,0,0.0,0.0,0,0,0,0,0,0,0.0,0.0,0.0,0.0,0.0,164,0,0.0
569,MARCUS BAUGH,WAS,TE,26,8,1,0.0,0,0.0,0,0,0,0.0,0.0,0.0,1,1,2.0,2.0,0,0,0,0,0,0,0.0,1.2,1.2,0.7,0.0,113,0,0.0
570,EVAN BAYLIS,ARI,NA,27,5,1,0.0,0,0.0,0,0,0,0.0,0.0,0.0,0,0,0.0,0.0,0,0,0,0,0,0,0.0,0.0,0.0,0.0,0.0,116,0,0.0
571,ANDREW BECK,DEN,NA,24,10,0,0.0,0,0.0,0,0,0,0.0,0.0,0.0,0,0,0.0,0.0,0,0,0,0,0,0,0.0,0.0,0.0,0.0,0.0,115,0,0.0
572,TONY BROOKS-JAMES,ATL,RB,26,1,0,0.0,0,0.0,0,0,3,4.0,1.33,0.0,0,0,0.0,0.0,0,0,0,0,0,0,0.0,0.4,0.4,0.4,0.0,160,0,0.0
573,FRED BROWN,DEN,NA,27,1,0,0.0,0,0.0,0,0,0,0.0,0.0,0.0,0,0,0.0,0.0,0,0,0,0,0,0,0.0,0.0,0.0,0.0,0.0,240,0,0.0
574,DEANTE BURTON,DAL,NA,26,4,0,0.0,0,0.0,0,0,0,0.0,0.0,0.0,0,0,0.0,0.0,0,0,0,0,0,0,0.0,0.0,0.0,0.0,0.0,217,0,0.0
575,HAKEEM BUTLER,PHI,NA,24,2,0,0.0,0,0.0,0,0,0,0.0,0.0,0.0,1,0,0.0,0.0,0,0,0,0,0,0,0.0,0.0,0.0,0.0,0.0,225,0,0.0
576,DEON CAIN,PIT,NA,24,2,0,0.0,0,0.0,0,0,0,0.0,0.0,0.0,0,0,0.0,0.0,0,0,0,0,0,0,0.0,0.0,0.0,0.0,0.0,218,0,0.0
577,SEAN CULKIN,BAL,NA,27,1,0,0.0,0,0.0,0,0,0,0.0,0.0,0.0,0,0,0.0,0.0,0,0,0,0,0,0,0.0,0.0,0.0,0.0,0.0,124,0,0.0
578,SETH DEVALVE,ARI,NA,27,4,0,0.0,0,0.0,0,0,0,0.0,0.0,0.0,1,0,0.0,0.0,0,0,0,0,0,0,0.0,0.0,0.0,0.0,0.0,120,0,0.0
579,KEELAN DOSS,LVR,NA,24,1,0,0.0,0,0.0,0,0,0,0.0,0.0,0.0,0,0,0.0,0.0,0,0,0,0,0,0,0.0,0.0,0.0,0.0,0.0,223,0,0.0
580,TREY EDMUNDS,PIT,NA,26,4,0,0.0,0,0.0,0,0,0,0.0,0.0,0.0,0,0,0.0,0.0,0,0,0,0,0,0,0.0,0.0,0.0,0.0,0.0,163,0,0.0
581,RICO GAFFORD,LVR,NA,24,3,0,0.0,0,0.0,0,0,0,0.0,0.0,0.0,2,0,0.0,0.0,0,0,0,0,0,0,0.0,0.0,0.0,0.0,0.0,234,0,0.0
582,ZACH GENTRY,PIT,NA,24,2,1,0.0,0,0.0,0,0,0,0.0,0.0,0.0,0,0,0.0,0.0,0,0,0,0,0,0,0.0,0.0,0.0,0.0,0.0,122,0,0.0
583,C.J. GOODWIN,DAL,NA,30,16,0,0.0,0,0.0,0,0,0,0.0,0.0,0.0,1,0,0.0,0.0,0,0,0,0,0,0,0.0,0.0,0.0,0.0,0.0,236,0,0.0
584,CYRIL GRAYSON,TAM,NA,27,3,0,0.0,0,0.0,0,0,0,0.0,0.0,0.0,3,0,0.0,0.0,0,0,0,0,0,0,0.0,0.0,0.0,0.0,0.0,221,0,0.0
585,GARRETT GRIFFIN,NOR,NA,26,4,3,0.0,0,0.0,0,0,0,0.0,0.0,0.0,0,0,0.0,0.0,0,0,0,0,0,0,0.0,0.0,0.0,0.0,0.0,117,0,0.0
586,JUSTIN HARDEE,NOR,NA,26,10,0,0.0,0,0.0,0,0,0,0.0,0.0,0.0,0,0,0.0,0.0,0,0,0,0,0,0,0.0,0.0,0.0,0.0,0.0,232,0,0.0
587,CLARK HARRIS,CIN,NA,36,16,0,0.0,0,0.0,0,0,0,0.0,0.0,0.0,0,0,0.0,0.0,0,0,0,0,0,0,0.0,0.0,0.0,0.0,0.0,118,0,0.0
588,HALE HENTGES,MIN,NA,24,1,0,0.0,0,0.0,0,0,0,0.0,0.0,0.0,0,0,0.0,0.0,0,0,0,0,0,0,0.0,0.0,0.0,0.0,0.0,128,0,0.0
589,J.P. HOLTZ,CHI,NA,27,16,1,0.0,0,0.0,0,0,0,0.0,0.0,0.0,1,0,0.0,0.0,0,0,0,0,0,0,0.0,0.0,0.0,0.0,0.0,119,0,0.0
590,JOHNNY HOLTON,NYG,NA,30,1,0,0.0,0,0.0,0,0,0,0.0,0.0,0.0,0,0,0.0,0.0,0,0,0,0,0,0,0.0,0.0,0.0,0.0,0.0,231,0,0.0
591,JORDAN MATTHEWS,SFO,NA,28,2,0,0.0,0,0.0,0,0,0,0.0,0.0,0.0,0,0,0.0,0.0,0,0,0,0,0,0,0.0,0.0,0.0,0.0,0.0,227,0,0.0
592,MARKEN MICHEL,CAR,NA,27,2,0,0.0,0,0.0,0,0,0,0.0,0.0,0.0,0,0,0.0,0.0,0,0,0,0,0,0,0.0,0.0,0.0,0.0,0.0,219,0,0.0
593,BRUCE MILLER,JAX,RB,33,8,5,0.0,0,0.0,0,0,0,0.0,0.0,0.0,2,1,2.0,2.0,0,0,0,0,0,0,0.0,1.2,1.2,0.7,0.0,162,0,0.0
594,CHRIS MOORE,BAL,NA,27,3,0,0.0,0,0.0,0,0,0,0.0,0.0,0.0,0,0,0.0,0.0,0,0,0,0,0,0,0.0,0.0,0.0,0.0,0.0,239,0,0.0
595,JASON MOORE,LAC,NA,25,2,0,0.0,0,0.0,0,0,0,0.0,0.0,0.0,0,0,0.0,0.0,0,0,0,0,0,0,0.0,0.0,0.0,0.0,0.0,237,0,0.0
596,STANLEY MORGAN JR.,CIN,NA,24,6,0,0.0,0,0.0,0,0,0,0.0,0.0,0.0,0,0,0.0,0.0,0,0,0,0,0,0,0.0,0.0,0.0,0.0,0.0,220,0,0.0
597,JOJO NATSON,CLE,WR,26,3,0,0.0,0,0.0,0,0,1,3.0,3.0,0.0,0,0,0.0,0.0,0,0,0,0,0,0,0.0,0.3,0.3,0.3,0.0,216,0,0.0
598,ISAAC NAUTA,DET,TE,23,7,0,0.0,0,0.0,0,0,0,0.0,0.0,0.0,2,1,3.0,3.0,0,0,0,0,0,0,0.0,1.3,1.3,0.8,0.0,112,0,0.0
599,QADREE OLLISON,ATL,RB,24,3,0,0.0,0,0.0,0,0,1,3.0,3.0,0.0,0,0,0.0,0.0,0,0,0,0,0,0,0.0,0.3,0.3,0.3,0.0,161,0,0.0
600,TREY QUINN,JAX,NA,25,1,0,0.0,0,0.0,0,0,0,0.0,0.0,0.0,0,0,0.0,0.0,0,0,0,0,0,0,0.0,0.0,0.0,0.0,0.0,224,0,0.0
601,KEVIN RADER,PIT,NA,25,1,1,0.0,0,0.0,0,0,0,0.0,0.0,0.0,1,0,0.0,0.0,0,0,0,0,0,0,0.0,0.0,0.0,0.0,0.0,123,0,0.0
602,MATT SCHAUB,ATL,QB,39,1,0,0.0,0,0.0,0,0,3,-4.0,-1.33,0.0,0,0,0.0,0.0,0,0,0,0,0,0,0.0,-0.4,-0.4,-0.4,0.0,79,0,0.0
603,MASON SCHRECK,CIN,NA,27,14,1,0.0,0,0.0,0,0,0,0.0,0.0,0.0,1,0,0.0,0.0,0,0,0,0,0,0,0.0,0.0,0.0,0.0,0.0,125,0,0.0
604,RICKY SEALS-JONES,KAN,NA,25,2,0,0.0,0,0.0,0,0,0,0.0,0.0,0.0,1,0,0.0,0.0,0,0,0,0,0,0,0.0,0.0,0.0,0.0,0.0,241,0,0.0
605,TAJAE SHARPE,MIN,NA,26,4,0,0.0,0,0.0,0,0,0,0.0,0.0,0.0,3,0,0.0,0.0,0,0,0,0,0,0,0.0,0.0,0.0,0.0,0.0,233,0,0.0
606,MATTHEW SLATER,NWE,NA,35,16,0,0.0,0,0.0,0,0,0,0.0,0.0,0.0,0,0,0.0,0.0,0,0,0,0,0,0,0.0,0.0,0.0,0.0,0.0,242,0,0.0
607,WENDELL SMALLWOOD,PIT,NA,26,1,0,0.0,0,0.0,0,0,0,0.0,0.0,0.0,0,0,0.0,0.0,0,0,0,0,0,0,0.0,0.0,0.0,0.0,0.0,165,0,0.0
608,EASTON STICK,LAC,QB,25,1,0,1.0,1,4.0,0,0,1,-2.0,-2.0,0.0,0,0,0.0,0.0,0,0,0,0,0,0,0.0,0.0,0.0,0.0,0.0,78,0,0.0
609,TAYWAN TAYLOR,CLE,NA,25,3,0,0.0,0,0.0,0,0,0,0.0,0.0,0.0,1,0,0.0,0.0,0,0,0,0,0,0,0.0,0.0,0.0,0.0,0.0,230,0,0.0
610,ERIC TOMLINSON,2TM,NA,28,7,2,0.0,0,0.0,0,0,0,0.0,0.0,0.0,1,0,0.0,0.0,0,0,0,0,0,0,0.0,0.0,0.0,0.0,0.0,127,0,0.0
611,ROSS TRAVIS,NYJ,NA,27,1,0,0.0,0,0.0,0,0,0,0.0,0.0,0.0,0,0,0.0,0.0,0,0,0,0,0,0,0.0,0.0,0.0,0.0,0.0,114,0,0.0
612,MALIK TURNER,DAL,NA,24,6,0,0.0,0,0.0,0,0,0,0.0,0.0,0.0,0,0,0.0,0.0,0,0,0,0,0,0,0.0,0.0,0.0,0.0,0.0,226,0,0.0
613,JOE WEBB,NYG,NA,34,2,0,0.0,0,0.0,0,0,0,0.0,0.0,0.0,0,0,0.0,0.0,0,0,0,0,0,0,0.0,0.0,0.0,0.0,0.0,238,0,0.0
614,KEVIN WHITE,SFO,NA,28,3,0,0.0,0,0.0,0,0,0,0.0,0.0,0.0,0,0,0.0,0.0,0,0,0,0,0,0,0.0,0.0,0.0,0.0,0.0,235,0,0.0
615,DERRICK WILLIES,CLE,NA,26,1,0,0.0,0,0.0,0,0,0,0.0,0.0,0.0,0,0,0.0,0.0,0,0,0,0,0,0,0.0,0.0,0.0,0.0,0.0,228,0,0.0
616,DUKE WILLIAMS,BUF,NA,28,1,0,0.0,0,0.0,0,0,0,0.0,0.0,0.0,0,0,0.0,0.0,0,0,0,0,0,0,0.0,0.0,0.0,0.0,0.0,243,0,0.0
617,CALEB WILSON,PHI,NA,24,5,0,0.0,0,0.0,0,0,0,0.0,0.0,0.0,0,0,0.0,0.0,0,0,0,0,0,0,0.0,0.0,0.0,0.0,0.0,121,0,0.0
618,JUWANN WINFREE,GNB,NA,24,2,0,0.0,0,0.0,0,0,0,0.0,0.0,0.0,0,0,0.0,0.0,0,0,0,0,0,0,0.0,0.0,0.0,0.0,0.0,244,0,0.0
619,TIM BOYLE,GNB,QB,26,8,0,0.0,0,0.0,0,0,13,-9.0,-0.69,0.0,0,0,0.0,0.0,0,1,0,0,0,0,-1.0,-0.9,-0.9,-0.9,0.0,80,0,0.0
620,DEANDRE CARTER,2TM,WR,27,13,0,0.0,0,0.0,0,0,0,0.0,0.0,0.0,2,1,8.0,8.0,0,2,1,0,0,0,-1.0,-0.2,0.8,-0.7,0.0,246,0,0.0
621,ADRIAN KILLINS,PHI,RB,22,1,0,0.0,0,0.0,0,0,1,-12.0,-12.0,0.0,1,1,2.0,2.0,0,0,0,0,0,0,-1.0,0.0,0.0,-0.5,0.0,166,0,0.0
622,ANDRE ROBERTS,BUF,WR,32,15,0,0.0,0,0.0,0,0,1,-3.0,-3.0,0.0,5,4,34.0,8.5,0,3,2,0,0,0,-1.0,3.1,5.1,1.1,0.0,245,0,0.0
623,NATE SUDFELD,PHI,QB,27,1,0,5.0,12,32.0,0,1,2,12.0,6.0,0.0,0,0,0.0,0.0,0,1,1,0,0,0,-2.0,-1.5,0.5,-0.5,0.0,81,0,0.0
624,NSIMBA WEBSTER,LAR,NA,24,16,0,0.0,0,0.0,0,0,0,0.0,0.0,0.0,0,0,0.0,0.0,0,3,1,0,0,0,-2.0,-2.0,-1.0,-2.0,0.0,248,0,0.0
625,DEDE WESTBROOK,JAX,WR,27,2,0,0.0,0,0.0,0,0,0,0.0,0.0,0.0,1,1,4.0,4.0,0,1,1,0,0,0,-2.0,-0.6,0.4,-1.1,0.0,247,0,0.0
626,KENDALL HINTON,DEN,WR,23,1,0,1.0,9,13.0,0,2,2,7.0,3.5,0.0,0,0,0.0,0.0,0,0,0,0,0,0,-3.0,-2.8,-0.8,-0.8,0.0,249,0,0.0
